TransactionID,SaleDate,CustomerID,ProductID,StoreID,CampaignID,SaleAmount,DiscountAmount,State
1,5/4/25,1034,2059,402,0.0,2048.2,12.45,CA
2,5/4/25,1066,2048,403,1.0,321.87,7.8,NY
3,5/4/25,1116,2041,403,3.0,3216.84,25.0,TX
4,5/4/25,1071,2096,404,2.0,1613.23,18.3,FL
5,5/4/25,1020,2060,401,0.0,408.38,5.5,IL
6,5/4/25,1089,2028,401,0.0,1275.88,10.0,PA
7,5/4/25,1193,2003,402,1.0,346.66,3.75,OH
8,5/4/25,1005,2079,402,1.0,855.49,20.0,GA
9,5/4/25,1032,2060,401,1.0,735.08,7.9,NC
10,5/4/25,1119,2089,403,2.0,661.63,15.25,MI
13,5/4/25,1147,2086,404,3.0,4470.5,12.0,WA
14,5/4/25,1183,2025,401,1.0,503.32,5.0,AZ
15,5/4/25,1026,2089,403,0.0,413.52,10.5,MA
16,5/4/25,1144,2005,403,3.0,1715.12,22.0,TN
17,5/4/25,1169,2047,401,2.0,535.97,3.0,IN
18,5/4/25,1003,2053,404,0.0,3660.9,18.75,MO
19,5/4/25,1110,2046,404,1.0,30.09,6.5,MD
20,5/4/25,1111,2022,403,3.0,671.18,14.2,WI
22,5/4/25,1062,2011,403,3.0,1229.22,7.25,MN
23,5/4/25,1062,2096,404,3.0,672.18,12.8,SC
24,5/4/25,1086,2003,404,2.0,924.43,10.0,AL
25,5/4/25,1046,2062,402,2.0,1981.95,5.25,LA
26,5/4/25,1066,2043,403,2.0,698.76,8.9,KY
27,5/4/25,1142,2001,402,0.0,1237.05,20.5,OR
28,5/4/25,1061,2092,404,3.0,482.21,15.0,OK
29,5/4/25,1142,2097,402,3.0,4210.5,7.75,CT
30,5/4/25,1165,2091,404,3.0,4528.95,3.5,IA
31,5/4/25,1004,2011,403,1.0,737.53,18.0,MS
34,5/4/25,1141,2067,403,3.0,872.85,9.9,NV
35,5/4/25,1190,2070,403,2.0,54.69,20.0,UT
36,5/4/25,1179,2058,403,2.0,1066.8,6.75,NM
37,5/4/25,1064,2029,401,1.0,12.16,11.5,NE
38,5/4/25,1080,2015,402,1.0,3037.36,22.25,WV
39,5/4/25,1055,2094,404,2.0,1578.72,7.1,ID
41,5/4/25,9999,2037,402,2.0,288.11,18.5,ME
42,5/4/25,1045,2038,401,1.0,1667.72,5.75,NH
43,5/4/25,1070,2005,401,2.0,686.05,10.8,RI
45,5/4/25,1003,2073,403,3.0,1498.29,25.0,MT
46,5/4/25,1122,2056,403,1.0,944.5,12.25,SD
47,5/4/25,1013,2032,404,0.0,2836.8,8.5,ND
48,5/4/25,1016,2051,404,0.0,117.32,15.75,AK
50,5/4/25,1038,2072,403,0.0,840.6,20.1,WY
51,5/4/25,1063,2015,404,1.0,1214.95,7.5,DC
52,5/4/25,1198,2066,404,3.0,516.06,12.9,CA
53,5/4/25,1113,2038,404,2.0,2223.62,6.5,NY
54,5/4/25,1145,2079,401,0.0,1901.08,10.25,TX
55,5/4/25,1195,2026,402,2.0,507.74,18.6,FL
56,5/4/25,1169,2010,402,1.0,140.11,5.25,IL
58,5/4/25,1000,2052,404,3.0,2193.78,7.75,OH
59,5/4/25,1074,2004,402,2.0,741.8,9.8,GA
60,5/4/25,1180,2036,404,0.0,217.98,12.0,NC
61,5/4/25,1175,2029,403,1.0,36.48,22.5,MI
62,5/4/25,1108,2014,402,1.0,221.67,5.5,NJ
63,5/4/25,1068,2018,401,0.0,2169.04,10.1,VA
64,5/4/25,1042,2039,403,3.0,2929.32,8.75,WA
66,5/4/25,1069,2064,404,3.0,1470.2,7.0,MA
67,5/4/25,1020,2076,401,3.0,4836.42,15.5,TN
68,5/4/25,1188,2041,403,0.0,1608.42,11.2,IN
71,5/4/25,1132,2083,404,2.0,614.53,6.8,WI
72,5/4/25,1046,2074,404,3.0,659.5,18.3,CO
73,5/4/25,1023,2060,403,3.0,1225.14,14.5,MN
74,5/4/25,1085,2041,401,1.0,1447.58,12.15,SC
75,5/4/25,1084,2052,404,2.0,2925.04,7.85,AL
76,5/4/25,1169,2051,401,3.0,117.32,19.9,LA
77,5/4/25,1022,2040,403,2.0,55.26,8.6,KY
78,5/4/25,1029,2098,404,0.0,3631.44,16.0,OR
79,5/4/25,1168,2069,404,3.0,232.39,4.75,OK
80,5/4/25,1013,2024,403,3.0,372.81,13.4,CT
81,5/4/25,1160,2056,401,1.0,472.25,6.25,IA
82,5/4/25,1068,2070,402,2.0,109.38,17.8,MS
83,5/4/25,1112,2089,404,0.0,2067.6,9.9,AR
84,5/4/25,1007,2080,402,1.0,1498.07,15.25,KS
85,5/4/25,1079,2070,401,3.0,34.18,11.6,NV
86,5/4/25,1023,2028,401,3.0,2551.76,12.75,UT
87,5/4/25,1030,2082,402,3.0,799.8,18.1,NM
88,5/4/25,1183,2037,403,3.0,2160.84,5.35,NE
89,5/4/25,1123,2060,402,3.0,2450.28,20.5,WV
90,5/4/25,1141,2018,404,1.0,2440.17,7.15,ID
91,5/4/25,1153,2065,402,0.0,470.34,14.6,HI
93,5/4/25,1129,2034,401,2.0,108.94,13.5,NH
94,5/4/25,1185,2038,404,1.0,1667.72,8.5,RI
95,5/4/25,1114,2068,404,2.0,656.19,16.25,DE
97,5/4/25,1082,2024,402,3.0,372.81,9.4,SD
98,5/4/25,1059,2099,404,0.0,1292.64,25.6,ND
99,5/4/25,1081,2095,404,3.0,490.79,5.8,AK
101,5/4/25,1009,2016,403,0.0,969.06,7.95,WY
102,5/4/25,1112,2012,404,0.0,1869.57,13.5,DC
103,5/4/25,1184,2018,404,1.0,488.03,21.3,CA
106,5/4/25,1084,2086,404,2.0,2861.12,6.5,FL
107,5/4/25,1160,2091,404,0.0,905.79,17.8,IL
108,5/4/25,1158,2008,402,2.0,159.82,11.6,PA
109,5/4/25,1058,2095,401,3.0,2453.95,23.1,OH
110,5/4/25,1025,2097,401,3.0,842.1,4.9,GA
111,5/4/25,1042,2088,403,0.0,709.35,18.5,NC
115,5/4/25,1043,2022,401,3.0,2684.72,9.1,WA
116,5/4/25,1158,2087,402,3.0,477.96,15.0,AZ
117,5/4/25,1149,2018,402,3.0,1626.78,6.35,MA
118,5/4/25,1163,2032,404,2.0,756.48,11.8,TN
119,5/4/25,1170,2001,404,2.0,659.76,19.4,IN
120,5/4/25,1173,2069,402,0.0,464.78,8.6,MO
122,5/4/25,1176,2032,404,2.0,756.48,10.2,WI
123,5/4/25,1050,2049,404,0.0,2819.52,16.5,CO
124,5/4/25,1060,2048,403,2.0,1144.42,7.1,MN
125,5/4/25,1179,2037,401,3.0,1440.56,13.8,SC
129,5/4/25,1173,2096,402,0.0,672.18,20.3,OR
130,5/4/25,1160,2082,401,2.0,426.56,6.75,TX
131,5/4/25,1112,2004,403,1.0,1669.05,15.6,CA
132,5/4/25,1023,2037,403,3.0,2160.84,9.85,FL
133,5/4/25,1044,2025,402,2.0,223.7,22.5,NY
134,5/4/25,1135,2064,403,1.0,793.91,7.5,IL
135,5/4/25,1065,2061,403,2.0,639.74,11.25,PA
136,5/4/25,1029,2059,401,1.0,921.69,19.7,OH
137,5/4/25,1193,2028,404,2.0,1531.06,10.9,GA
138,5/4/25,1023,2050,401,2.0,298.85,16.2,MI
139,5/4/25,1137,2015,404,2.0,539.98,5.95,NC
140,5/4/25,1172,2095,403,3.0,2453.95,13.6,NJ
141,5/4/25,1163,2047,401,1.0,301.48,8.75,VA
142,5/4/25,1120,2003,403,1.0,1039.99,18.4,WA
143,5/4/25,1165,2008,404,2.0,53.27,12.35,AZ
144,5/4/25,1166,2052,401,1.0,658.13,21.1,MA
145,5/4/25,1011,2004,403,3.0,3709.0,7.8,TN
147,5/4/25,1099,2058,403,3.0,666.75,6.1,MO
148,5/4/25,1150,2095,402,3.0,490.79,17.5,MD
150,5/4/25,1071,2004,403,1.0,834.52,15.75,CO
151,5/4/25,1113,2056,402,2.0,839.55,9.5,MN
153,5/4/25,1015,2050,403,1.0,504.31,8.4,AL
154,5/4/25,1031,2058,401,1.0,2400.3,12.55,LA
155,5/4/25,1164,2081,401,0.0,2984.88,16.8,KY
156,5/4/25,1085,2031,402,1.0,508.77,7.15,OR
157,5/4/25,1017,2097,402,1.0,757.89,14.1,OK
160,5/4/25,1044,2014,401,1.0,886.68,5.65,MS
161,5/4/25,1003,2045,402,2.0,499.42,13.2,AR
162,5/4/25,1004,2022,403,0.0,671.18,9.3,KS
163,5/4/25,1032,2094,404,0.0,493.35,18.1,NV
164,5/4/25,1190,2008,404,3.0,266.36,6.95,UT
165,5/4/25,1199,2046,401,3.0,167.15,15.25,NM
166,5/4/25,1128,2028,401,2.0,2041.41,10.8,NE
167,5/4/25,1117,2082,401,0.0,799.8,21.5,WV
168,5/4/25,1122,2051,404,0.0,234.64,7.6,ID
169,5/4/25,1125,2091,404,0.0,1811.58,12.45,HI
171,5/4/25,1032,2035,403,3.0,4499.95,8.9,NH
172,5/4/25,1152,2067,403,3.0,872.85,14.5,RI
173,5/4/25,1129,2077,404,0.0,2809.15,9.75,DE
174,5/4/25,1179,2014,402,3.0,738.9,17.2,MT
176,5/4/25,1116,2051,404,0.0,351.96,13.8,ND
177,5/4/25,1080,2054,403,2.0,3602.04,11.1,AK
178,5/4/25,1095,2019,404,0.0,933.93,19.6,VT
180,5/4/25,1024,2095,403,1.0,3533.69,15.9,DC
181,5/4/25,1142,2007,403,0.0,583.39,10.4,TX
182,5/4/25,1105,2045,404,0.0,624.28,22.0,CA
183,5/4/25,1073,2076,403,2.0,1934.57,6.7,FL
184,5/4/25,1026,2073,402,1.0,1797.95,14.25,NY
185,5/4/25,1168,2061,402,0.0,599.76,8.1,IL
188,5/4/25,1143,2098,401,2.0,2178.86,12.75,GA
189,5/4/25,1007,2023,403,2.0,751.63,8.4,MI
190,5/4/25,1086,2044,401,1.0,373.64,19.5,NC
191,5/4/25,1036,2072,404,0.0,1260.9,6.25,NJ
192,5/4/25,1036,2094,401,0.0,2466.75,15.8,VA
193,5/4/25,1191,2067,402,3.0,872.85,11.3,WA
194,5/4/25,1107,2058,403,1.0,1800.22,21.1,AZ
195,5/4/25,1094,2039,403,0.0,1952.88,7.95,MA
198,5/4/25,1169,2054,404,3.0,900.51,18.75,MO
199,5/4/25,1106,2034,402,0.0,136.17,5.85,MD
200,5/4/25,1088,2055,401,2.0,129.46,13.4,WI
201,5/4/25,1173,2086,404,2.0,715.28,10.5,CO
203,5/4/25,1001,2026,403,1.0,190.4,6.7,SC
204,5/4/25,1196,2017,403,2.0,370.96,16.1,AL
206,5/4/25,1191,2055,402,1.0,48.55,22.0,KY
207,5/4/25,1097,2068,402,2.0,1312.38,7.35,OR
209,5/4/25,1004,2058,401,2.0,1066.8,11.8,CT
210,5/4/25,1147,2054,404,3.0,2701.53,17.5,IA
211,5/4/25,1074,2014,404,0.0,738.9,9.6,MS
212,5/4/25,1083,2021,404,2.0,668.33,19.1,AR
213,5/4/25,1022,2055,401,1.0,97.09,6.45,KS
214,5/4/25,1111,2075,404,0.0,1561.28,15.25,NV
215,5/4/25,1101,2039,403,1.0,2636.39,10.9,UT
216,5/4/25,1085,2099,402,0.0,646.32,21.5,NM
217,5/4/25,1130,2081,401,1.0,1343.2,8.15,NE
218,5/4/25,1198,2044,403,1.0,186.82,13.75,WV
220,5/4/25,1050,2022,402,0.0,671.18,16.4,HI
221,5/4/25,1045,2098,404,3.0,907.86,12.1,ME
222,5/4/25,1193,2072,404,2.0,1681.2,18.6,NH
223,5/4/25,1160,2040,402,3.0,138.16,5.95,RI
225,5/4/25,1070,2075,401,2.0,624.51,9.35,MT
226,5/4/25,1129,2009,403,3.0,198.93,20.75,SD
227,5/4/25,1115,2004,401,2.0,2225.4,7.25,ND
228,5/4/25,1073,2009,401,3.0,66.31,15.6,AK
229,5/4/25,1118,2074,401,3.0,659.5,11.1,VT
230,5/4/25,1146,2083,402,2.0,614.53,22.25,WY
231,5/4/25,1154,2060,402,0.0,408.38,6.8,DC
232,5/4/25,1115,2013,403,0.0,2806.08,13.5,TX
233,5/4/25,1129,2082,402,0.0,1066.4,8.75,CA
234,5/4/25,1063,2090,404,3.0,71.64,17.2,FL
235,5/4/25,1134,2066,402,2.0,1238.54,12.4,NY
236,5/4/25,1095,2036,404,3.0,653.94,19.8,IL
237,5/4/25,1198,2043,401,2.0,1397.52,7.05,PA
239,5/4/25,1072,2032,402,2.0,1512.96,9.95,GA
240,5/4/25,1020,2074,402,2.0,527.6,21.1,MI
241,5/4/25,1079,2083,404,1.0,691.34,6.3,NC
242,5/4/25,1152,2090,401,2.0,57.31,15.9,NJ
244,5/4/25,1171,2089,401,3.0,1654.08,18.1,WA
245,5/4/25,1130,2046,401,2.0,106.98,7.65,AZ
246,5/4/25,1079,2023,402,2.0,3006.53,13.85,MA
247,5/4/25,1196,2062,402,1.0,1114.85,9.4,TN
249,5/4/25,1025,2064,401,2.0,705.7,12.55,MO
250,5/4/25,1196,2079,402,3.0,2851.62,20.5,MD
251,5/4/25,1039,2020,402,1.0,338.25,8.2,WI
252,5/4/25,1184,2056,401,3.0,1574.16,14.1,CO
253,5/4/25,1093,2086,402,3.0,3576.4,10.8,MN
254,5/4/25,1156,2036,404,1.0,392.36,19.25,SC
255,5/4/25,1136,2030,403,3.0,509.91,5.7,AL
256,5/4/25,1049,2047,404,3.0,1674.9,13.2,LA
258,5/4/25,1041,2025,402,2.0,671.09,17.6,OR
259,5/4/25,1013,2082,404,2.0,1066.4,11.5,OK
260,5/4/25,1141,2013,401,2.0,748.29,15.4,CT
261,5/4/25,1021,2097,402,2.0,673.68,9.1,IA
262,5/4/25,1115,2065,402,3.0,1881.36,21.75,MS
263,5/4/25,1023,2028,404,2.0,510.35,6.55,AR
264,5/4/25,1006,2053,401,3.0,610.15,14.8,KS
265,5/4/25,1128,2047,402,3.0,1004.94,8.9,NV
266,5/4/25,1020,2047,402,0.0,669.96,16.2,UT
267,5/4/25,1081,2012,403,1.0,1682.61,12.0,NM
268,5/4/25,1035,2004,403,3.0,927.25,19.6,NE
269,5/4/25,1178,2017,404,3.0,1854.8,7.3,WV
270,5/4/25,1157,2000,401,0.0,1938.62,15.1,ID
271,5/4/25,1065,2027,402,3.0,775.83,10.5,HI
272,5/4/25,1028,2099,403,1.0,3490.13,22.0,ME
273,5/4/25,1077,2015,401,1.0,1822.42,6.85,NH
274,5/4/25,1107,2081,404,0.0,2238.66,14.4,RI
275,5/4/25,1028,2063,401,1.0,994.43,9.75,DE
276,5/4/25,1183,2018,403,3.0,2711.3,17.9,MT
278,5/4/25,1146,2053,402,0.0,1220.3,13.95,ND
279,5/4/25,1134,2046,401,0.0,33.43,11.2,AK
280,5/4/25,1099,2060,401,3.0,1633.52,20.1,VT
281,5/4/25,1095,2032,401,2.0,1512.96,7.6,WY
282,5/4/25,1017,2044,402,0.0,207.58,16.5,DC
283,5/4/25,1197,2074,403,1.0,593.55,10.95,TX
284,5/4/25,1011,2045,403,1.0,842.78,21.3,CA
285,5/4/25,1199,2087,404,3.0,159.32,13.2,FL
286,5/4/25,1161,2023,402,0.0,939.54,7.8,NY
287,5/4/25,1183,2099,404,0.0,1292.64,18.5,IL
289,5/4/25,1010,2040,403,3.0,138.16,15.9,OH
290,5/4/25,1139,2060,403,0.0,1225.14,11.3,GA
291,5/4/25,1192,2082,402,2.0,213.28,20.75,MI
292,5/4/25,1091,2099,401,2.0,1034.11,8.1,NC
293,5/4/25,1069,2015,403,3.0,2699.88,14.25,NJ
294,5/4/25,1102,2095,404,3.0,1472.37,9.6,VA
295,5/4/25,1086,2023,404,3.0,3758.16,17.5,WA
296,5/4/25,1094,2066,403,0.0,1032.12,5.95,AZ
298,5/4/25,1154,2023,403,2.0,751.63,10.2,TN
299,5/4/25,1026,2010,403,2.0,62.27,19.1,IN
300,5/4/25,1078,2057,404,1.0,393.28,6.75,MO
301,5/4/25,1176,2056,403,3.0,524.72,16.4,MD
303,5/4/25,1070,2081,401,0.0,1492.44,21.0,CO
304,5/4/25,1171,2081,404,2.0,596.98,7.35,MN
305,5/4/25,1131,2095,402,0.0,1472.37,14.5,SC
306,5/4/25,1036,2077,404,0.0,1123.66,11.6,AL
307,5/4/25,1032,2008,402,2.0,106.54,18.75,LA
309,5/4/25,1173,2057,403,2.0,349.58,19.8,OR
310,5/4/25,1113,2097,401,1.0,757.89,6.5,OK
311,5/4/25,1135,2046,404,2.0,80.23,15.1,CT
312,5/4/25,1166,2035,402,0.0,899.99,10.8,IA
313,5/4/25,1006,2094,402,3.0,1480.05,21.25,MS
314,5/4/25,1132,2049,401,2.0,1503.74,8.45,AR
315,5/4/25,1198,2033,404,1.0,2257.88,13.7,KS
316,5/4/25,1156,2036,404,1.0,784.73,7.95,NV
318,5/4/25,1044,2091,404,0.0,1811.58,12.1,NM
319,5/4/25,1174,2040,403,0.0,34.54,18.9,NE
320,5/4/25,1140,2069,403,2.0,557.74,6.85,WV
321,5/4/25,1040,2091,402,2.0,724.63,14.6,ID
322,5/4/25,1130,2028,401,1.0,574.15,9.4,HI
323,5/4/25,1035,2030,404,0.0,339.94,20.5,ME
324,5/4/25,1092,2070,403,3.0,102.54,7.15,NH
326,5/4/25,1079,2050,404,3.0,186.78,11.1,DE
327,5/4/25,1196,2052,401,1.0,2632.54,22.0,MT
328,5/4/25,1081,2082,401,3.0,1066.4,6.3,SD
330,5/4/25,1199,2070,402,1.0,30.76,8.75,AK
332,5/4/25,1132,2019,403,1.0,1681.07,12.4,WY
333,5/4/25,1041,2041,402,2.0,643.37,19.6,DC
334,5/4/25,1132,2036,401,2.0,348.77,7.05,TX
335,5/4/25,1050,2081,403,1.0,2686.39,14.9,CA
337,5/4/25,1151,2074,402,1.0,1187.1,21.1,NY
338,5/4/25,1168,2079,403,0.0,1901.08,6.55,IL
339,5/4/25,1007,2010,401,2.0,62.27,16.1,PA
341,5/4/25,1127,2080,403,2.0,1997.42,18.3,GA
342,5/4/25,1123,2031,404,2.0,1356.72,7.65,MI
343,5/4/25,1116,2009,401,1.0,119.36,13.85,NC
345,5/4/25,1052,2043,402,2.0,698.76,16.75,VA
346,5/4/25,1183,2040,403,3.0,103.62,12.55,WA
347,5/4/25,1033,2097,403,0.0,4210.5,20.5,AZ
348,5/4/25,1081,2030,404,0.0,339.94,8.2,MA
349,5/4/25,1068,2057,402,1.0,1179.85,14.1,TN
350,5/4/25,1024,2006,403,3.0,594.0,10.8,IN
351,5/4/25,1157,2053,402,1.0,1098.27,19.25,MO
352,5/4/25,1083,2073,403,1.0,2247.44,5.7,MD
353,5/4/25,1195,2020,404,3.0,1879.15,13.2,WI
354,5/4/25,1127,2039,404,0.0,1952.88,7.95,CO
356,5/4/25,1055,2074,403,0.0,1978.5,11.5,SC
357,5/4/25,1012,2036,404,3.0,653.94,15.4,AL
358,5/4/25,1073,2068,401,0.0,2460.72,9.1,LA
359,5/4/25,1110,2017,403,2.0,370.96,21.75,KY
360,5/4/25,1195,2051,403,0.0,117.32,6.55,OR
361,5/4/25,1102,2006,402,2.0,792.0,14.8,OK
362,5/4/25,1141,2036,401,3.0,871.92,8.9,CT
363,5/4/25,1129,2057,403,0.0,1747.92,16.2,IA
364,5/4/25,1032,2012,404,2.0,997.1,12.0,MS
365,5/4/25,1086,2071,403,1.0,553.64,19.6,AR
366,5/4/25,1050,2077,404,0.0,561.83,7.3,KS
369,5/4/25,1155,2065,402,2.0,1128.82,22.0,NM
370,5/4/25,1156,2040,402,3.0,138.16,6.85,NE
371,5/4/25,1157,2094,403,2.0,1578.72,14.4,WV
372,5/4/25,1129,2065,404,2.0,752.54,9.75,ID
373,5/4/25,1121,2002,403,2.0,2771.2,17.9,HI
374,5/4/25,1172,2014,404,2.0,197.04,8.25,ME
375,5/4/25,1185,2088,401,3.0,2128.05,13.95,NH
377,5/4/25,1149,2061,402,3.0,1199.52,20.1,DE
378,5/4/25,1037,2087,402,0.0,318.64,7.6,MT
379,5/4/25,1146,2089,401,1.0,744.34,16.5,SD
380,5/4/25,1004,2056,403,3.0,2098.88,10.95,ND
381,5/4/25,1038,2052,402,3.0,2193.78,21.3,AK
382,5/4/25,1128,2099,404,0.0,3877.92,14.25,VT
383,5/4/25,1180,2017,402,2.0,741.92,7.5,WY
384,5/4/25,1169,2061,404,2.0,319.87,19.1,DC
385,5/4/25,1044,2058,403,2.0,1066.8,6.8,FL
386,5/4/25,1173,2098,403,3.0,3631.44,16.4,TX
387,5/4/25,1049,2031,403,2.0,1356.72,11.75,WA
388,5/4/25,1057,2038,403,1.0,2501.58,21.3,DE
389,5/4/25,1176,2090,404,2.0,343.87,8.2,VT
390,5/4/25,1122,2044,403,2.0,166.06,15.1,AK
391,5/4/25,1031,2073,404,3.0,1498.29,9.6,CA
392,5/4/25,1088,2098,402,2.0,726.29,18.5,NC
393,5/4/25,1010,2036,401,2.0,348.77,5.95,ME
394,5/4/25,1113,2083,403,3.0,3072.64,13.8,WY
395,5/4/25,1054,2025,403,2.0,671.09,10.25,ID
396,5/4/25,1035,2013,402,1.0,1683.65,20.75,MS
397,5/4/25,1012,2085,402,1.0,217.94,6.55,IN
398,5/4/25,1013,2012,404,2.0,1994.21,16.0,MO
399,5/4/25,1183,2060,401,1.0,367.54,8.9,NJ
400,5/4/25,1001,2070,402,3.0,102.54,22.1,ND
401,5/4/25,1167,2060,404,1.0,735.08,7.35,AR
402,5/4/25,1193,2036,403,2.0,348.77,14.6,NM
404,5/4/25,1136,2094,401,1.0,1776.06,17.9,OH
405,5/4/25,1106,2022,401,3.0,671.18,9.25,NH
407,5/4/25,1002,2038,401,2.0,1482.42,6.7,PA
408,5/4/25,1072,2058,404,1.0,1200.15,15.3,MT
409,5/4/25,1129,2059,403,1.0,1382.54,10.8,NY
410,5/4/25,1028,2042,402,3.0,502.83,21.5,RI
412,5/4/25,1188,2043,403,1.0,1572.21,14.0,MD
413,5/4/25,1044,2078,404,3.0,426.03,7.95,MI
414,5/4/25,1131,2041,401,3.0,3216.84,16.75,IA
415,5/4/25,1171,2012,402,1.0,1121.74,12.1,LA
416,5/4/25,1122,2041,402,0.0,1608.42,18.9,TN
418,5/4/25,1192,2034,403,2.0,326.81,14.5,KS
419,5/4/25,1149,2092,401,2.0,1157.3,9.4,WI
420,5/4/25,1167,2046,402,0.0,133.72,20.5,NV
422,5/4/25,1040,2051,403,0.0,469.28,16.25,HI
424,5/4/25,1056,2017,404,1.0,834.66,22.0,NE
425,5/4/25,1116,2095,403,3.0,490.79,6.3,VA
426,5/4/25,1179,2070,404,1.0,61.52,13.5,UT
427,5/4/25,1195,2031,401,3.0,1695.9,8.75,KY
429,5/4/25,1144,2014,401,1.0,443.34,12.4,MN
430,5/4/25,1146,2068,402,1.0,2952.86,19.6,OR
431,5/4/25,1083,2066,404,0.0,516.06,7.05,IL
432,5/4/25,1174,2026,404,0.0,423.12,14.9,WV
433,5/4/25,1130,2057,401,3.0,1747.92,9.95,AZ
435,5/4/25,1144,2007,404,2.0,933.42,6.55,SD
436,5/4/25,1185,2002,404,2.0,692.8,16.1,NM
438,5/4/25,1011,2054,403,0.0,900.51,18.3,TX
439,5/4/25,1138,2007,401,3.0,2333.56,7.65,FL
440,5/4/25,1008,2036,404,1.0,196.18,13.85,WA
441,5/4/25,1196,2017,404,2.0,741.92,9.4,DE
442,5/4/25,1097,2057,404,3.0,436.98,16.75,VT
443,5/4/25,1020,2087,402,2.0,637.28,12.55,AK
444,5/4/25,1030,2022,404,1.0,604.06,20.5,NC
445,5/4/25,1186,2028,401,0.0,2551.76,8.2,ME
446,5/4/25,1076,2059,404,3.0,1536.15,14.1,WY
448,5/4/25,1039,2035,402,0.0,899.99,19.25,MS
449,5/4/25,1008,2084,404,0.0,845.55,5.7,IN
450,5/4/25,1061,2026,401,0.0,423.12,13.2,MO
451,5/4/25,1152,2004,404,0.0,2781.75,7.95,NJ
452,5/4/25,1062,2094,401,3.0,1973.4,17.6,ND
453,5/4/25,1112,2029,402,0.0,13.51,11.5,AR
455,5/4/25,1187,2073,403,2.0,399.54,9.1,OH
456,5/4/25,1060,2038,402,1.0,3335.44,21.75,NH
457,5/4/25,1105,2038,403,0.0,1853.02,6.55,GA
458,5/4/25,1142,2075,402,3.0,3903.2,14.8,PA
459,5/4/25,1142,2063,401,2.0,1325.9,8.9,MT
460,5/4/25,1164,2085,404,2.0,387.44,16.2,NY
461,5/4/25,1178,2053,404,1.0,1647.4,12.0,RI
462,5/4/25,1076,2048,402,3.0,1072.89,19.6,AL
463,5/4/25,1061,2028,403,1.0,1148.29,7.3,MD
464,5/4/25,1118,2007,404,3.0,1750.17,15.1,MI
465,5/4/25,1142,2067,402,3.0,1163.8,10.5,IA
466,5/4/25,1062,2032,402,2.0,756.48,22.0,LA
467,5/4/25,1165,2010,404,2.0,124.54,6.85,TN
468,5/4/25,1023,2068,402,0.0,2460.72,14.4,CO
469,5/4/25,1068,2048,401,0.0,715.26,9.75,KS
471,5/4/25,1053,2042,403,0.0,167.61,8.25,NV
472,5/4/25,1054,2024,401,3.0,372.81,13.95,OK
473,5/4/25,1062,2089,402,3.0,1240.56,11.2,HI
474,5/4/25,1061,2070,403,2.0,27.34,20.1,MA
476,5/4/25,1066,2046,404,3.0,200.58,16.5,VA
477,5/4/25,1025,2092,404,2.0,771.54,10.95,UT
478,5/4/25,1052,2047,403,3.0,334.98,21.3,KY
479,5/4/25,1011,2072,402,1.0,756.54,13.5,DC
481,5/4/25,1039,2025,403,1.0,503.32,18.9,OR
482,5/4/25,1097,2072,402,3.0,420.3,6.8,IL
483,5/4/25,1140,2083,403,2.0,1843.58,15.6,WV
484,5/4/25,1195,2062,404,3.0,3096.8,11.4,AZ
485,5/4/25,1043,2093,403,1.0,1360.69,21.2,CT
487,5/4/25,1138,2082,401,0.0,533.2,14.9,TX
488,5/4/25,1019,2085,401,0.0,484.3,9.55,FL
489,5/4/25,1105,2017,402,0.0,1391.1,17.8,WA
490,5/4/25,1181,2019,401,1.0,4202.68,6.1,DE
491,5/4/25,1129,2058,403,0.0,1333.5,13.75,VT
492,5/4/25,1158,2081,404,3.0,2984.88,10.25,AK
493,5/4/25,1004,2000,404,0.0,2907.93,20.4,CA
494,5/4/25,1004,2067,403,2.0,465.52,6.95,NC
495,5/4/25,1004,2064,404,1.0,1323.18,16.1,ME
496,5/4/25,1027,2012,402,1.0,1121.74,8.8,WY
497,5/4/25,1049,2079,403,2.0,3802.16,22.0,ID
499,5/4/25,1103,2058,402,1.0,600.08,14.35,IN
500,5/4/25,1076,2087,401,0.0,159.32,11.6,MO
501,5/4/25,1023,2051,404,3.0,351.96,18.5,NJ
502,5/4/25,1141,2060,401,0.0,408.38,9.3,ND
503,5/4/25,1179,2021,401,3.0,835.41,20.1,AR
505,5/4/25,1135,2005,402,1.0,1157.71,15.2,SC
506,5/4/25,1177,2072,404,2.0,1008.72,10.8,OH
508,5/4/25,1045,2040,401,1.0,31.09,8.4,GA
509,5/4/25,1150,2018,404,0.0,1084.52,14.0,PA
510,5/4/25,1076,2020,402,3.0,2254.98,7.95,MT
511,5/4/25,1173,2069,403,3.0,232.39,16.7,NY
512,5/4/25,1193,2094,402,0.0,1480.05,12.1,RI
514,5/4/25,1025,2055,402,0.0,107.88,6.85,MD
515,5/4/25,1087,2077,404,2.0,449.46,14.6,MI
516,5/4/25,1007,2081,403,3.0,746.22,9.4,IA
517,5/4/25,1125,2029,403,3.0,40.53,20.5,LA
518,5/4/25,1110,2023,404,0.0,1879.08,7.15,TN
519,5/4/25,1197,2079,403,1.0,855.49,16.25,CO
520,5/4/25,1182,2009,401,2.0,53.05,11.1,KS
521,5/4/25,1039,2048,402,3.0,357.63,22.0,WI
522,5/4/25,1081,2046,401,0.0,33.43,6.3,NV
523,5/4/25,1001,2039,404,2.0,2343.46,13.5,OK
524,5/4/25,1194,2034,401,1.0,245.11,8.75,HI
525,5/4/25,1022,2023,404,3.0,5637.24,17.2,MA
526,5/4/25,1142,2071,404,0.0,615.16,12.4,NE
527,5/4/25,1006,2011,403,0.0,1229.22,19.6,VA
528,5/4/25,1152,2076,403,3.0,2418.21,7.05,UT
529,5/4/25,1003,2037,404,3.0,1440.56,14.9,KY
530,5/4/25,1199,2010,402,1.0,210.17,9.95,DC
531,5/4/25,1175,2048,402,1.0,965.6,21.1,MN
533,5/4/25,1037,2008,402,3.0,266.36,16.1,IL
534,5/4/25,1070,2053,403,3.0,1830.45,10.25,WV
535,5/4/25,1005,2009,403,2.0,53.05,18.3,AZ
536,5/4/25,1063,2092,404,1.0,867.98,7.65,CT
537,5/4/25,1117,2013,402,2.0,2244.86,13.85,SD
539,5/4/25,1084,2056,403,3.0,1574.16,16.75,TX
542,5/4/25,1080,2022,404,2.0,1073.89,8.2,VT
543,5/4/25,1074,2094,404,1.0,444.02,14.1,AK
545,5/4/25,1093,2014,402,1.0,221.67,19.25,NC
546,5/4/25,1174,2098,401,3.0,2723.58,5.7,ME
547,5/4/25,1181,2026,404,2.0,507.74,13.2,WY
548,5/4/25,1177,2008,404,3.0,332.95,7.95,ID
549,5/4/25,1035,2081,403,1.0,1343.2,17.6,MS
550,5/4/25,1064,2084,402,3.0,845.55,11.5,IN
551,5/4/25,1096,2009,404,3.0,198.93,15.4,MO
553,5/4/25,1092,2089,401,0.0,827.04,21.75,ND
554,5/4/25,1196,2031,403,1.0,1526.31,6.55,AR
555,5/4/25,1165,2078,401,3.0,142.01,14.8,NM
556,5/4/25,1192,2042,404,0.0,1005.66,8.9,SC
557,5/4/25,1002,2012,403,1.0,560.87,16.2,OH
558,5/4/25,1130,2095,402,3.0,1963.16,12.0,NH
559,5/4/25,1095,2050,404,1.0,168.1,19.6,GA
560,5/4/25,1088,2003,404,0.0,385.18,7.3,PA
561,5/4/25,1075,2053,401,0.0,1830.45,15.1,MT
562,5/4/25,1186,2018,403,2.0,1301.42,10.5,NY
563,5/4/25,1087,2058,402,3.0,2667.0,22.0,RI
564,5/4/25,1089,2060,401,3.0,408.38,6.85,AL
565,5/4/25,1184,2089,404,2.0,1984.9,14.4,MD
567,5/4/25,1005,2043,401,1.0,786.1,17.9,IA
568,5/4/25,1189,2031,402,1.0,2035.08,8.25,LA
570,5/4/25,1059,2051,402,1.0,527.94,11.2,CO
571,5/4/25,1163,2084,404,3.0,845.55,20.1,KS
572,5/4/25,1007,2094,402,3.0,493.35,7.6,WI
575,5/4/25,1192,2090,401,0.0,286.56,21.3,HI
576,5/4/25,1137,2023,403,2.0,1503.26,14.1,MA
577,5/4/25,1050,2058,401,2.0,1066.8,8.25,NE
578,5/4/25,1171,2062,403,3.0,619.36,19.6,VA
580,5/4/25,1090,2058,402,2.0,1066.8,16.4,KY
581,5/4/25,1157,2075,401,1.0,702.58,11.75,DC
582,5/4/25,1080,2015,402,2.0,1619.93,21.5,MN
584,5/4/25,1130,2049,404,1.0,845.86,15.3,IL
585,5/4/25,1147,2049,404,1.0,845.86,9.6,WV
586,5/4/25,1124,2081,402,1.0,2686.39,18.5,AZ
587,5/4/25,1125,2036,402,1.0,588.55,6.55,CT
588,5/4/25,1080,2057,401,2.0,699.17,13.8,SD
589,5/4/25,1002,2062,402,1.0,1114.85,10.25,CA
590,5/4/25,1098,2071,404,3.0,1845.48,20.75,TX
591,5/4/25,1175,2062,404,3.0,1858.08,6.7,FL
592,5/4/25,1125,2021,401,0.0,1670.82,16.0,WA
593,5/4/25,1194,2028,403,0.0,637.94,8.9,DE
595,5/4/25,1199,2058,404,0.0,2667.0,7.35,AK
597,5/4/25,1138,2096,401,3.0,2688.72,11.4,ME
598,5/4/25,1139,2027,404,0.0,258.61,17.9,WY
599,5/4/25,1188,2083,402,2.0,1229.06,9.25,ID
600,5/4/25,1008,2057,403,2.0,699.17,20.1,MS
601,5/4/25,1022,2056,401,1.0,2361.24,6.7,IN
602,5/4/25,1053,2094,403,3.0,493.35,15.3,MO
603,5/4/25,1042,2078,402,1.0,127.81,10.8,NJ
604,5/4/25,1052,2007,403,2.0,2333.56,21.5,ND
605,5/4/25,1152,2068,402,2.0,656.19,8.45,AR
606,5/4/25,1180,2037,403,2.0,288.11,14.0,NM
607,5/4/25,1131,2086,401,1.0,2414.07,7.95,SC
609,5/4/25,1167,2016,402,1.0,290.72,12.1,NH
612,5/4/25,1036,2073,403,3.0,1997.72,14.5,MT
613,5/4/25,1096,2057,401,0.0,1310.94,9.4,NY
614,5/4/25,1103,2065,403,2.0,376.27,20.5,RI
615,5/4/25,1116,2062,403,0.0,1238.72,7.15,AL
618,5/4/25,1136,2050,402,3.0,933.9,22.0,IA
619,5/4/25,1054,2063,403,2.0,441.97,6.3,LA
620,5/4/25,1072,2043,402,3.0,4367.25,13.5,TN
621,5/4/25,1087,2087,401,0.0,637.28,8.75,CO
622,5/4/25,1025,2080,404,0.0,3329.04,17.2,KS
623,5/4/25,1031,2020,404,3.0,1127.49,12.4,WI
624,5/4/25,1000,2054,402,1.0,1620.92,19.6,NV
625,5/4/25,1166,2038,402,2.0,2223.62,7.05,OK
626,5/4/25,1023,2083,403,2.0,1229.06,14.9,HI
627,5/4/25,1021,2047,402,0.0,1674.9,9.95,MA
628,5/4/25,1101,2080,403,1.0,3745.17,21.1,NE
629,5/4/25,1109,2083,401,0.0,768.16,6.55,VA
630,5/4/25,1000,2027,404,0.0,517.22,16.1,UT
631,5/4/25,1033,2075,402,3.0,780.64,10.25,KY
632,5/4/25,1002,2001,403,0.0,824.7,18.3,DC
633,5/4/25,1108,2088,402,3.0,3546.75,7.65,MN
634,5/4/25,1018,2029,404,0.0,27.02,13.85,OR
635,5/4/25,1187,2013,401,2.0,2993.15,9.4,IL
636,5/4/25,1094,2038,402,3.0,926.51,16.75,WV
637,5/4/25,1198,2096,402,1.0,1814.89,12.55,AZ
638,5/4/25,1017,2067,401,1.0,523.71,20.5,CT
639,5/4/25,1112,2044,402,1.0,560.47,8.2,SD
640,5/4/25,1105,2078,404,1.0,383.43,14.1,TX
641,5/4/25,1022,2012,402,0.0,623.19,10.8,FL
642,5/4/25,1150,2093,404,2.0,1814.26,19.25,CA
643,5/4/25,1109,2040,402,1.0,31.09,5.7,WA
644,5/4/25,1070,2082,401,1.0,719.82,13.2,NJ
645,5/4/25,1141,2076,403,0.0,3224.28,7.95,OH
646,5/4/25,1168,2038,402,1.0,1667.72,17.6,PA
647,5/4/25,1191,2050,403,0.0,560.34,11.5,NC
648,5/4/25,1005,2030,404,3.0,679.88,15.4,IL
649,5/4/25,1028,2030,404,0.0,509.91,9.1,GA
650,5/4/25,1135,2001,403,2.0,989.64,21.75,MI
651,5/4/25,1033,2049,404,2.0,751.87,6.55,VA
653,5/4/25,1197,2009,401,0.0,265.24,8.9,MA
654,5/4/25,1003,2033,402,0.0,836.25,16.2,TN
655,5/4/25,1015,2050,403,3.0,560.34,12.0,IN
656,5/4/25,1108,2089,404,0.0,413.52,19.6,MO
657,5/4/25,1163,2068,402,2.0,3280.96,7.3,MD
658,5/4/25,1021,2039,401,1.0,878.8,15.1,WI
659,5/4/25,1039,2068,403,3.0,2460.72,10.5,CO
660,5/4/25,1150,2081,401,2.0,1193.95,22.0,MN
661,5/4/25,1178,2055,402,0.0,53.94,6.85,SC
664,5/4/25,1170,2094,402,0.0,986.7,17.9,KY
665,5/4/25,1003,2090,402,0.0,143.28,8.25,OR
666,5/4/25,1041,2063,403,2.0,1325.9,13.95,OK
667,5/4/25,1042,2047,402,2.0,803.95,11.2,CT
669,5/4/25,1109,2034,401,2.0,326.81,7.6,MS
670,5/4/25,1182,2073,401,3.0,499.43,16.5,AR
671,5/4/25,1116,2065,403,0.0,470.34,10.95,KS
672,5/4/25,1127,2072,402,2.0,1008.72,21.3,NV
674,5/4/25,1058,2094,401,0.0,493.35,7.9,NM
675,5/4/25,1003,2031,401,3.0,1695.9,18.25,NE
676,5/4/25,1093,2049,402,1.0,1691.71,6.5,WV
677,5/4/25,1009,2070,404,1.0,30.76,15.8,ID
678,5/4/25,1082,2031,404,2.0,452.24,11.1,HI
680,5/4/25,1128,2086,401,1.0,804.69,8.35,NH
681,5/4/25,1057,2066,401,3.0,1548.18,14.6,RI
682,5/4/25,1017,2059,403,2.0,409.64,9.2,DE
683,5/4/25,1083,2011,404,0.0,1638.96,17.5,MT
684,5/4/25,1094,2025,403,2.0,223.7,6.85,SD
685,5/4/25,1189,2079,402,3.0,3802.16,13.5,ND
686,5/4/25,1094,2075,404,1.0,702.58,10.75,AK
687,5/4/25,1187,2069,402,1.0,627.45,20.9,VT
689,5/4/25,1138,2044,401,2.0,166.06,16.3,DC
690,5/4/25,1000,2097,404,2.0,1347.36,8.95,FL
691,5/4/25,1026,2026,402,3.0,211.56,22.0,TX
692,5/4/25,1125,2007,402,2.0,933.42,7.4,CA
693,5/4/25,1023,2005,402,3.0,1286.34,14.2,WA
694,5/4/25,1179,2047,404,0.0,669.96,11.6,NJ
695,5/4/25,1148,2012,402,3.0,3115.95,18.75,OH
696,5/4/25,1019,2075,401,3.0,2341.92,9.35,PA
697,5/4/25,1169,2016,402,2.0,775.25,20.1,NC
698,5/4/25,1066,2040,404,2.0,55.26,6.75,IL
699,5/4/25,1081,2057,403,1.0,393.28,15.25,GA
700,5/4/25,1019,2025,402,0.0,559.24,10.8,MI
701,5/4/25,1039,2013,402,3.0,4676.8,21.5,VA
702,5/4/25,1119,2040,404,0.0,69.08,8.45,AZ
704,5/4/25,1078,2059,403,0.0,1536.15,7.95,TN
706,5/4/25,1055,2041,402,0.0,4021.05,12.1,MO
707,5/4/25,1182,2031,403,3.0,1695.9,18.9,MD
708,5/4/25,1131,2006,403,2.0,475.2,6.85,WI
709,5/4/25,1044,2003,404,3.0,1155.54,14.55,CO
710,5/4/25,1142,2095,402,0.0,2453.95,9.4,MN
711,5/4/25,1118,2013,402,0.0,1870.72,20.5,SC
712,5/4/25,1003,2007,402,1.0,1050.1,7.15,AL
713,5/4/25,1050,2051,403,0.0,117.32,16.25,LA
714,5/4/25,1149,2075,403,0.0,780.64,11.1,KY
715,5/4/25,1005,2008,402,3.0,466.13,22.0,OR
716,5/4/25,1032,2011,403,0.0,409.74,6.3,OK
717,5/4/25,1010,2059,401,1.0,921.69,13.5,CT
719,5/4/25,1007,2048,404,1.0,1287.47,17.2,MS
720,5/4/25,1090,2027,402,2.0,413.78,12.4,AR
721,5/4/25,1071,2057,402,0.0,1310.94,19.6,KS
722,5/4/25,1157,2079,402,2.0,2281.3,7.05,NV
723,5/4/25,1127,2052,404,0.0,2193.78,14.95,UT
724,5/4/25,1022,2035,404,1.0,1619.98,9.9,NM
725,5/4/25,1107,2025,402,0.0,279.62,21.1,NE
726,5/4/25,1097,2091,403,3.0,2717.37,6.55,WV
727,5/4/25,1139,2062,403,2.0,1486.46,16.1,ID
728,5/4/25,1099,2034,402,0.0,408.51,10.25,HI
729,5/4/25,1081,2076,402,0.0,2418.21,18.35,ME
730,5/4/25,1199,2035,401,3.0,2699.97,7.65,NH
731,5/4/25,1135,2045,402,1.0,842.78,13.85,RI
732,5/4/25,1025,2031,402,2.0,904.48,9.4,DE
734,5/4/25,1147,2049,403,1.0,3383.42,12.55,SD
735,5/4/25,1045,2030,403,2.0,407.93,20.5,ND
736,5/4/25,1151,2003,403,1.0,693.32,8.2,AK
737,5/4/25,1144,2024,404,2.0,298.25,14.1,VT
738,5/4/25,1044,2062,401,0.0,1238.72,10.8,WY
739,5/4/25,1014,2029,402,0.0,13.51,19.25,DC
740,5/4/25,1134,2061,401,2.0,639.74,5.7,TX
741,5/4/25,1157,2025,402,2.0,671.09,13.2,FL
742,5/4/25,1183,2022,403,0.0,2684.72,7.95,CA
743,5/4/25,1005,2018,402,0.0,542.26,17.6,WA
744,5/4/25,1134,2046,401,2.0,53.49,11.5,NJ
745,5/4/25,1180,2084,404,0.0,281.85,15.4,OH
746,5/4/25,1086,2038,403,1.0,1667.72,9.1,PA
747,5/4/25,1040,2093,404,3.0,755.94,21.75,NC
748,5/4/25,1166,2040,402,2.0,27.63,6.55,IL
749,5/4/25,1057,2085,402,3.0,1452.9,14.8,GA
751,5/4/25,1045,2093,401,3.0,2267.82,16.2,VA
752,5/4/25,1197,2072,401,1.0,1513.08,12.0,AZ
753,5/4/25,1154,2040,402,0.0,69.08,19.6,MA
755,5/4/25,1060,2044,403,1.0,934.11,15.1,IN
756,5/4/25,1162,2011,403,3.0,1229.22,10.5,MO
757,5/4/25,1002,2033,402,1.0,3010.5,22.0,MD
758,5/4/25,1177,2008,403,2.0,159.82,6.85,WI
759,5/4/25,1027,2092,401,0.0,482.21,14.4,CO
760,5/4/25,1098,2056,404,1.0,944.5,9.75,MN
761,5/4/25,1105,2063,404,2.0,2209.84,17.9,SC
762,5/4/25,1139,2048,401,3.0,357.63,8.25,AL
763,5/4/25,1147,2083,402,1.0,691.34,13.95,LA
764,5/4/25,1115,2009,401,2.0,53.05,11.2,KY
765,5/4/25,1005,2040,403,0.0,103.62,20.1,OR
766,5/4/25,1018,2043,402,3.0,2620.35,7.6,OK
767,5/4/25,1041,2093,401,0.0,755.94,16.5,CT
769,5/4/25,1110,2083,402,3.0,768.16,21.3,MS
771,5/4/25,1052,2024,404,2.0,298.25,8.1,KS
772,5/4/25,1169,2036,403,1.0,392.36,19.5,NV
774,5/4/25,1039,2006,403,0.0,198.0,16.2,NM
775,5/4/25,1109,2011,403,3.0,1638.96,11.75,NE
776,5/4/25,1051,2012,401,1.0,1121.74,21.4,WV
777,5/4/25,1043,2081,403,0.0,746.22,8.25,ID
778,5/4/25,1121,2014,403,3.0,985.2,15.1,HI
779,5/4/25,1120,2062,403,0.0,2477.44,9.6,ME
781,5/4/25,1094,2048,403,1.0,321.87,6.55,RI
782,5/4/25,1114,2005,403,3.0,428.78,13.85,DE
783,5/4/25,1119,2033,402,2.0,1338.0,10.25,MT
784,5/4/25,1144,2007,402,0.0,1166.78,20.75,SD
786,5/4/25,1193,2075,402,0.0,1561.28,16.0,AK
788,5/4/25,1146,2030,404,2.0,543.9,22.1,WY
789,5/4/25,1020,2050,401,1.0,168.1,7.35,DC
790,5/4/25,1030,2096,404,1.0,3024.81,14.6,FL
791,5/4/25,1042,2027,402,1.0,232.75,11.4,TX
792,5/4/25,1010,2054,401,3.0,900.51,17.9,CA
794,5/4/25,1081,2093,401,0.0,755.94,20.1,NJ
795,5/4/25,1099,2071,404,2.0,984.26,6.7,OH
797,5/4/25,1179,2079,404,0.0,2851.62,10.8,NC
798,5/4/25,1106,2019,402,0.0,3735.72,21.5,IL
799,5/4/25,1027,2072,401,2.0,672.48,8.45,GA
800,5/4/25,1137,2044,404,2.0,830.32,14.0,MI
801,5/4/25,1098,2083,404,3.0,2304.48,7.95,VA
802,5/4/25,1009,2022,403,3.0,2684.72,16.75,AZ
803,5/4/25,1036,2079,404,0.0,950.54,12.1,MA
804,5/4/25,1101,2042,402,0.0,335.22,18.9,TN
806,5/4/25,1005,2043,403,2.0,2096.28,14.5,MO
807,5/4/25,1071,2062,401,1.0,557.42,9.4,MD
808,5/4/25,1034,2038,404,2.0,2223.62,20.5,WI
809,5/4/25,1068,2093,404,0.0,2267.82,7.15,CO
810,5/4/25,1048,2056,402,3.0,524.72,16.25,MN
811,5/4/25,1189,2062,403,0.0,1858.08,11.1,SC
813,5/4/25,1181,2064,404,1.0,264.64,6.3,LA
815,5/4/25,1049,2025,401,1.0,503.32,8.75,OR
816,5/4/25,1008,2058,401,2.0,533.4,17.2,OK
817,5/4/25,1180,2025,403,2.0,894.78,12.4,CT
818,5/4/25,1118,2064,404,0.0,882.12,19.6,IA
819,5/4/25,1174,2003,402,2.0,308.14,7.05,MS
820,5/4/25,1125,2076,404,1.0,725.46,14.9,AR
821,5/4/25,1121,2075,403,2.0,2498.05,9.95,KS
822,5/4/25,1041,2033,401,2.0,669.0,21.1,NV
823,5/4/25,1007,2049,401,1.0,845.86,6.55,UT
824,5/4/25,1146,2099,402,1.0,581.69,16.1,NM
825,5/4/25,1165,2028,402,2.0,1531.06,10.25,NE
826,5/4/25,1166,2052,401,0.0,731.26,18.3,WV
827,5/4/25,1121,2016,402,0.0,646.04,7.65,ID
828,5/4/25,1057,2032,403,2.0,3782.4,13.85,HI
829,5/4/25,1108,2048,403,3.0,357.63,9.4,ME
830,5/4/25,1064,2027,404,2.0,413.78,16.75,NH
831,5/4/25,1173,2066,404,0.0,2580.3,12.55,RI
832,5/4/25,1001,2065,403,2.0,376.27,20.5,DE
833,5/4/25,1076,2087,401,3.0,796.6,8.2,MT
834,5/4/25,1016,2043,403,2.0,2795.04,14.1,SD
835,5/4/25,1070,2033,403,1.0,752.62,10.8,ND
836,5/4/25,1038,2066,402,0.0,1032.12,19.25,AK
837,5/4/25,1153,2051,403,1.0,316.76,5.7,VT
838,5/4/25,1184,2003,404,2.0,1848.86,13.2,WY
840,5/4/25,1188,2004,402,2.0,2967.2,17.6,TX
841,5/4/25,1185,2091,402,3.0,3623.16,11.5,FL
842,5/4/25,1171,2045,403,1.0,280.93,15.4,CA
843,5/4/25,1168,2071,402,2.0,1968.51,9.1,WA
844,5/4/25,1024,2060,402,2.0,326.7,21.75,NJ
845,5/4/25,1185,2071,402,2.0,984.26,6.55,OH
846,5/4/25,1167,2011,402,2.0,327.79,14.8,PA
847,5/4/25,1057,2095,403,3.0,2453.95,8.9,NC
848,5/4/25,1084,2047,403,2.0,803.95,16.2,IL
849,5/4/25,1118,2015,404,0.0,4049.82,12.0,GA
850,5/4/25,1162,2074,401,3.0,659.5,19.6,MI
851,5/4/25,1049,2064,401,3.0,882.12,7.3,VA
852,5/4/25,1135,2038,404,0.0,926.51,15.1,AZ
853,5/4/25,1038,2017,402,2.0,741.92,10.5,MA
854,5/4/25,1104,2072,404,1.0,1134.81,22.0,TN
855,5/4/25,1080,2091,402,0.0,2717.37,6.85,IN
857,5/4/25,1162,2007,401,3.0,583.39,9.75,MD
858,5/4/25,1070,2026,402,1.0,190.4,17.9,WI
859,5/4/25,1125,2097,401,1.0,3031.56,8.25,CO
860,5/4/25,1157,2055,404,3.0,53.94,13.95,MN
861,5/4/25,1109,2061,404,0.0,799.68,11.2,SC
863,5/4/25,1003,2041,402,0.0,2412.63,7.6,LA
864,5/4/25,1173,2000,402,1.0,872.38,16.5,KY
865,5/4/25,1177,2044,403,1.0,373.64,10.95,OR
866,5/4/25,1026,2049,403,1.0,3383.42,21.3,OK
867,5/4/25,1016,2005,403,2.0,686.05,13.95,CT
868,5/4/25,1116,2093,403,3.0,755.94,7.8,IA
869,5/4/25,1175,2017,403,3.0,463.7,18.6,MS
870,5/4/25,1091,2096,402,1.0,1209.92,6.5,AR
871,5/4/25,1103,2002,402,1.0,779.4,15.9,KS
872,5/4/25,1186,2016,402,0.0,646.04,11.3,NV
873,5/4/25,1150,2064,402,0.0,294.04,21.2,UT
874,5/4/25,1093,2091,401,3.0,2717.37,8.15,NM
876,5/4/25,1169,2013,401,0.0,935.36,9.55,WV
877,5/4/25,1176,2014,404,3.0,1231.5,17.5,ID
878,5/4/25,1097,2015,403,3.0,2699.88,6.85,HI
879,5/4/25,1179,2019,402,0.0,1867.86,13.6,ME
880,5/4/25,1077,2053,401,2.0,976.24,10.25,NH
881,5/4/25,1159,2077,402,3.0,561.83,20.8,RI
882,5/4/25,1026,2065,401,2.0,1881.36,6.65,DE
884,5/4/25,1155,2025,403,1.0,503.32,8.95,SD
885,5/4/25,1091,2090,404,2.0,171.94,22.0,ND
886,5/4/25,1041,2005,404,1.0,385.9,7.4,AK
887,5/4/25,1176,2061,403,1.0,359.86,14.25,VT
888,5/4/25,1000,2001,401,0.0,1649.4,11.6,WY
889,5/4/25,1146,2085,404,1.0,653.81,18.75,DC
890,5/4/25,1023,2099,401,0.0,1292.64,9.35,CA
891,5/4/25,1065,2082,402,3.0,266.6,20.1,TX
892,5/4/25,1075,2033,404,0.0,2508.75,6.75,FL
893,5/4/25,1025,2022,401,2.0,1073.89,15.3,NY
894,5/4/25,1092,2086,403,3.0,894.1,10.8,WA
897,5/4/25,1091,2056,403,0.0,1049.44,13.9,IL
899,5/4/25,1102,2051,404,2.0,93.86,16.75,MI
902,5/4/25,1178,2092,401,1.0,867.98,6.85,VA
903,5/4/25,1026,2053,404,3.0,1830.45,14.55,AZ
904,5/4/25,1046,2078,404,2.0,454.43,9.4,MA
905,5/4/25,1156,2003,402,3.0,1925.9,20.5,TN
907,5/4/25,1011,2008,403,2.0,106.54,16.25,MO
908,5/4/25,1003,2090,402,2.0,57.31,11.1,MD
909,5/4/25,1132,2066,401,3.0,1548.18,22.0,WI
910,5/4/25,1169,2093,402,3.0,755.94,6.3,CO
912,5/4/25,1142,2078,401,0.0,568.04,8.75,SC
913,5/4/25,1164,2020,404,3.0,1879.15,17.2,AL
914,5/4/25,1042,2009,404,2.0,53.05,12.4,LA
915,5/4/25,1061,2042,403,0.0,167.61,19.6,KY
916,5/4/25,1129,2028,404,3.0,2551.76,7.05,OR
917,5/4/25,1060,2010,404,3.0,544.88,14.95,OK
918,5/4/25,1146,2057,401,3.0,436.98,9.9,CT
919,5/4/25,1114,2040,401,3.0,34.54,21.1,IA
920,5/4/25,1190,2083,401,0.0,2304.48,6.55,MS
921,5/4/25,1103,2052,401,0.0,2193.78,16.1,AR
922,5/4/25,1023,2077,403,1.0,505.65,10.25,KS
923,5/4/25,1167,2085,404,2.0,387.44,18.35,NV
924,5/4/25,1093,2006,402,3.0,594.0,7.65,UT
925,5/4/25,1084,2071,404,2.0,492.13,13.85,NM
926,5/4/25,1183,2057,401,0.0,873.96,9.4,NE
927,5/4/25,1194,2084,402,0.0,563.7,16.75,WV
928,5/4/25,1087,2045,403,2.0,499.42,12.55,ID
929,5/4/25,1179,2013,401,1.0,1683.65,20.5,HI
930,5/4/25,1126,2017,404,0.0,927.4,8.2,ME
931,5/4/25,1065,2078,402,1.0,127.81,14.1,NH
932,5/4/25,1030,2050,402,3.0,186.78,10.8,RI
933,5/4/25,1005,2024,403,0.0,621.35,19.25,DE
934,5/4/25,1193,2053,401,0.0,1830.45,5.7,MT
935,5/4/25,1197,2057,404,1.0,1179.85,13.2,SD
936,5/4/25,1127,2000,401,3.0,969.31,7.95,ND
937,5/4/25,1149,2061,402,1.0,359.86,17.6,AK
938,5/4/25,1187,2016,401,3.0,2584.16,11.5,VT
939,5/4/25,1168,2076,403,3.0,2418.21,15.4,WY
940,5/4/25,1107,2077,402,2.0,898.93,9.1,DC
941,5/4/25,1101,2043,403,3.0,3493.8,21.75,FL
943,5/4/25,1179,2070,403,1.0,61.52,14.8,CA
944,5/4/25,1051,2026,403,2.0,338.5,8.9,NY
945,5/4/25,1172,2016,402,2.0,516.83,16.2,WA
946,5/4/25,1181,2014,403,3.0,246.3,12.0,OH
947,5/4/25,1149,2073,404,2.0,799.09,19.6,PA
948,5/4/25,1108,2001,401,0.0,412.35,7.3,IL
949,5/4/25,1097,2018,401,0.0,1084.52,15.1,GA
950,5/4/25,1051,2034,402,2.0,217.87,10.5,MI
951,5/4/25,1174,2032,402,0.0,4728.0,22.0,NC
952,5/4/25,1176,2037,402,0.0,720.28,6.85,NJ
953,5/4/25,1091,2057,401,1.0,786.56,14.4,VA
954,5/4/25,1190,2082,404,1.0,239.94,9.75,AZ
955,5/4/25,1130,2089,403,0.0,413.52,17.9,MA
958,5/4/25,1051,2079,404,1.0,1710.97,11.2,MO
959,5/4/25,1162,2090,403,1.0,257.9,20.1,MD
960,5/4/25,1198,2092,402,2.0,771.54,7.6,WI
961,5/4/25,1114,2022,401,1.0,3020.31,16.5,CO
962,5/4/25,1044,2094,401,3.0,493.35,10.95,MN
963,5/4/25,1010,2054,403,2.0,720.41,21.3,SC
964,5/4/25,1033,2020,403,0.0,751.66,14.2,AL
967,5/4/25,1125,2073,403,0.0,1997.72,6.95,OR
968,5/4/25,1005,2090,403,1.0,193.43,16.3,OK
969,5/4/25,1047,2066,401,1.0,464.45,11.75,CT
970,5/4/25,1106,2069,404,0.0,464.78,21.5,IA
973,5/4/25,1192,2079,404,0.0,950.54,9.6,KS
974,5/4/25,1029,2085,403,3.0,726.45,18.5,NV
975,5/4/25,1061,2082,402,0.0,533.2,6.55,UT
976,5/4/25,1174,2041,404,0.0,804.21,13.85,NM
978,5/4/25,1132,2098,403,3.0,3631.44,20.75,WV
979,5/4/25,1124,2005,403,1.0,1157.71,6.7,ID
980,5/4/25,1082,2065,401,0.0,1411.02,16.05,HI
981,5/4/25,1042,2098,401,0.0,4539.3,8.9,ME
982,5/4/25,1053,2085,402,3.0,726.45,22.1,NH
983,5/4/25,1026,2026,404,0.0,423.12,7.35,RI
984,5/4/25,1191,2087,402,0.0,477.96,14.65,DE
985,5/4/25,1117,2091,403,0.0,1811.58,11.4,MT
986,5/4/25,1022,2009,401,1.0,119.36,17.9,SD
987,5/4/25,1064,2071,401,1.0,1107.29,9.25,ND
988,5/4/25,1066,2052,404,3.0,5118.82,20.1,AK
989,5/4/25,1161,2051,404,2.0,375.42,6.7,VT
990,5/4/25,1004,2049,401,0.0,939.84,15.35,WY
991,5/4/25,1164,2092,401,0.0,2893.26,10.8,DC
992,5/4/25,1179,2009,403,0.0,66.31,21.5,CA
993,5/4/25,1074,2087,403,0.0,477.96,8.45,TX
994,5/4/25,1072,2097,404,3.0,842.1,14.05,FL
995,5/4/25,1101,2084,401,3.0,1127.4,7.95,NY
996,5/4/25,1040,2068,402,1.0,2952.86,16.75,WA
997,5/4/25,1191,2050,403,1.0,504.31,12.1,OH
998,5/4/25,1076,2086,403,0.0,2682.3,18.9,PA
999,5/4/25,1141,2071,402,0.0,1230.32,6.85,IL
1000,5/4/25,1010,2000,404,0.0,3877.24,14.55,GA
1001,5/4/25,1078,2026,403,1.0,761.62,9.4,MI
1002,5/4/25,1105,2082,402,1.0,239.94,20.5,NC
1003,5/4/25,1047,2028,403,1.0,1148.29,7.15,NJ
1004,5/4/25,1029,2023,401,3.0,2818.62,16.25,VA
1005,5/4/25,1165,2070,401,2.0,54.69,11.1,AZ
1006,5/4/25,1171,2008,403,0.0,133.18,22.0,MA
1007,5/4/25,1050,2092,404,2.0,771.54,6.3,TN
1008,5/4/25,1091,2016,402,0.0,1292.08,13.5,IN
1009,5/4/25,1072,2079,401,1.0,855.49,8.75,MO
1010,5/4/25,1081,2062,404,2.0,495.49,17.2,MD
1011,5/4/25,1157,2084,403,1.0,253.67,12.4,WI
1012,5/4/25,1144,2072,403,2.0,672.48,19.6,CO
1013,5/4/25,1109,2021,401,2.0,668.33,7.05,MN
1014,5/4/25,1063,2028,404,2.0,510.35,14.9,SC
1015,5/4/25,1092,2017,403,3.0,1854.8,9.95,AL
1016,5/4/25,1118,2057,403,2.0,699.17,21.1,LA
1017,5/4/25,1124,2070,401,1.0,30.76,6.55,KY
1018,5/4/25,1165,2077,401,2.0,449.46,16.1,OR
1019,5/4/25,1035,2068,402,2.0,1968.58,10.25,OK
1021,5/4/25,1004,2064,401,3.0,882.12,7.65,IA
1022,5/4/25,1196,2075,402,0.0,2341.92,13.85,MS
1024,5/4/25,1093,2050,402,2.0,448.27,16.75,KS
1025,5/4/25,1034,2059,401,3.0,1536.15,12.55,NV
1026,5/4/25,1093,2064,401,1.0,793.91,20.5,UT
1027,5/4/25,1157,2087,402,1.0,286.78,8.2,NM
1028,5/4/25,1114,2020,402,1.0,676.49,14.1,NE
1029,5/4/25,1188,2093,404,2.0,1814.26,10.8,WV
1030,5/4/25,1010,2028,404,1.0,1148.29,19.25,ID
1031,5/4/25,1016,2033,403,1.0,2257.88,5.7,HI
1032,5/4/25,1010,2085,402,2.0,387.44,13.2,ME
1034,5/4/25,1010,2083,403,0.0,768.16,17.6,RI
1035,5/4/25,1180,2066,403,2.0,1238.54,11.5,DE
1036,5/4/25,1148,2069,402,3.0,697.17,15.4,MT
1037,5/4/25,1167,2048,403,0.0,1072.89,9.1,SD
1038,5/4/25,1132,2032,404,1.0,851.04,21.75,ND
1039,5/4/25,1132,2051,403,2.0,187.71,6.55,AK
1041,5/4/25,1112,2021,402,0.0,835.41,8.9,WY
1042,5/4/25,1131,2082,403,1.0,239.94,16.2,DC
1044,5/4/25,1154,2091,401,1.0,3260.84,19.6,TX
1045,5/4/25,1106,2042,401,3.0,1173.27,7.3,CA
1046,5/4/25,1172,2061,404,1.0,719.71,15.1,NY
1047,5/4/25,1151,2020,404,0.0,1127.49,10.5,WA
1048,5/4/25,1062,2005,402,1.0,385.9,22.0,OH
1049,5/4/25,1034,2080,401,1.0,2996.14,6.85,PA
1050,5/4/25,1014,2021,403,1.0,1503.74,14.4,IL
1051,5/4/25,1132,2051,401,2.0,281.57,9.75,GA
1052,5/4/25,1021,2027,404,3.0,775.83,17.9,MI
1054,5/4/25,1153,2018,402,2.0,867.62,13.95,NJ
1055,5/4/25,1042,2092,403,3.0,1446.63,11.2,VA
1056,5/4/25,1152,2075,401,1.0,2107.73,20.1,AZ
1057,5/4/25,1096,2049,402,0.0,939.84,7.6,MA
1059,5/4/25,1155,2012,402,3.0,623.19,10.95,IN
1060,5/4/25,1157,2076,401,0.0,2418.21,21.3,MO
1061,5/4/25,1023,2061,402,0.0,199.92,13.75,MD
1062,5/4/25,1198,2086,404,3.0,894.1,7.85,WI
1063,5/4/25,1094,2005,404,1.0,771.8,18.5,CO
1064,5/4/25,1123,2098,404,2.0,3631.44,6.6,MN
1065,5/4/25,1150,2094,401,3.0,2466.75,15.9,SC
1066,5/4/25,1034,2032,404,1.0,1702.08,11.25,AL
1067,5/4/25,1021,2036,404,2.0,348.77,21.4,LA
1068,5/4/25,1048,2000,401,0.0,4846.55,8.3,KY
1069,5/4/25,1133,2000,404,1.0,872.38,14.6,OR
1070,5/4/25,1176,2040,404,2.0,55.26,9.55,OK
1071,5/4/25,1027,2019,404,2.0,747.14,17.5,CT
1072,5/4/25,1066,2068,404,2.0,1968.58,6.85,IA
1075,5/4/25,1094,2071,404,2.0,984.26,20.8,KS
1076,5/4/25,1078,2073,403,3.0,499.43,6.65,NV
1077,5/4/25,1188,2017,401,1.0,417.33,16.05,UT
1078,5/4/25,1114,2089,402,0.0,827.04,8.95,NM
1079,5/4/25,1054,2065,404,2.0,376.27,22.0,NE
1080,5/4/25,1140,2078,401,1.0,255.62,7.4,WV
1081,5/4/25,1099,2081,401,0.0,1492.44,14.25,ID
1082,5/4/25,1037,2060,404,0.0,1225.14,11.6,HI
1083,5/4/25,1016,2033,402,2.0,2007.0,18.75,ME
1084,5/4/25,1020,2077,401,3.0,561.83,9.35,NH
1085,5/4/25,1102,2078,403,0.0,142.01,20.1,RI
1086,5/4/25,1198,2022,404,3.0,671.18,6.75,DE
1087,5/4/25,1002,2025,403,1.0,503.32,15.3,MT
1088,5/4/25,1008,2076,402,1.0,1450.93,10.8,SD
1089,5/4/25,1172,2004,403,1.0,834.52,21.5,ND
1090,5/4/25,1167,2000,402,0.0,969.31,8.45,AK
1091,5/4/25,1070,2099,404,2.0,1551.17,13.9,VT
1092,5/4/25,1171,2050,404,1.0,168.1,7.95,WY
1093,5/4/25,1132,2001,401,0.0,2061.75,16.75,DC
1094,5/4/25,1140,2036,403,2.0,348.77,12.1,TX
1095,5/4/25,1070,2028,402,3.0,2551.76,18.9,CA
1097,5/4/25,1044,2052,401,0.0,2193.78,14.55,NY
1099,5/4/25,1131,2032,403,3.0,4728.0,20.5,OH
1100,5/4/25,1096,2072,404,1.0,378.27,7.15,PA
1101,5/4/25,1193,2043,404,3.0,2620.35,16.25,IL
1102,5/4/25,1150,2003,404,0.0,1155.54,11.1,GA
1103,5/4/25,1066,2008,404,1.0,59.93,22.0,MI
1105,5/4/25,1105,2045,401,2.0,499.42,13.5,NJ
1106,5/4/25,1063,2036,401,3.0,653.94,8.75,VA
1107,5/4/25,1172,2095,403,0.0,981.58,17.2,AZ
1109,5/4/25,1090,2027,403,1.0,698.25,19.6,TN
1110,5/4/25,1191,2087,402,3.0,955.92,7.05,IN
1111,5/4/25,1188,2025,402,1.0,251.66,14.95,MO
1112,5/4/25,1067,2026,402,1.0,380.81,9.9,MD
1113,5/4/25,1063,2079,403,1.0,1710.97,21.1,WI
1114,5/4/25,1199,2013,401,0.0,5612.16,6.55,CO
1115,5/4/25,1173,2084,404,0.0,281.85,16.1,MN
1116,5/4/25,1195,2069,401,3.0,697.17,10.25,SC
1117,5/4/25,1095,2079,403,3.0,950.54,18.35,AL
1118,5/4/25,1147,2035,404,1.0,809.99,7.65,LA
1119,5/4/25,1195,2065,403,3.0,1411.02,13.85,KY
1121,5/4/25,1134,2054,404,0.0,3602.04,16.75,OK
1122,5/4/25,1128,2044,404,1.0,373.64,12.55,CT
1123,5/4/25,1117,2015,404,2.0,1619.93,20.5,IA
1124,5/4/25,1176,2001,401,1.0,371.12,8.2,MS
1125,5/4/25,1097,2074,401,2.0,527.6,14.1,AR
1126,5/4/25,1092,2078,403,1.0,383.43,10.8,KS
1127,5/4/25,1140,2033,402,2.0,1338.0,19.25,NV
1128,5/4/25,1120,2078,403,2.0,227.22,5.7,UT
1130,5/4/25,1107,2089,403,2.0,330.82,7.95,NE
1131,5/4/25,1102,2035,404,1.0,1619.98,17.6,WV
1133,5/4/25,1184,2034,402,3.0,680.85,15.4,HI
1134,5/4/25,1097,2025,402,1.0,1258.29,9.1,ME
1137,5/4/25,1076,2032,401,3.0,6619.2,14.8,DE
1139,5/4/25,1055,2032,404,0.0,945.6,16.2,SD
1141,5/4/25,1092,2046,403,2.0,80.23,19.6,AK
1142,5/4/25,1005,2052,401,2.0,1170.02,7.3,VT
1143,5/4/25,1173,2077,402,1.0,1516.94,15.1,WY
1144,5/4/25,1199,2036,403,2.0,871.92,10.5,DC
1145,5/4/25,1172,2065,404,3.0,2822.04,22.0,CA
1146,5/4/25,1020,2048,403,3.0,1072.89,6.85,TX
1147,5/4/25,1161,2018,402,2.0,1301.42,14.4,FL
1148,5/4/25,1107,2080,404,0.0,4993.56,9.75,NY
1149,5/4/25,1020,2020,403,1.0,1014.74,17.9,WA
1150,5/4/25,1080,2040,403,2.0,55.26,8.25,OH
1151,5/4/25,1154,2082,404,2.0,639.84,13.95,PA
1152,5/4/25,1113,2099,403,3.0,646.32,11.2,IL
1153,5/4/25,1105,2021,402,0.0,835.41,20.1,GA
1154,5/4/25,1032,2093,402,2.0,2419.01,7.6,MI
1156,5/4/25,1042,2050,401,0.0,1120.68,10.95,NJ
1157,5/4/25,1016,2060,401,0.0,816.76,21.3,VA
1158,5/4/25,1197,2050,401,0.0,560.34,14.1,AZ
1159,5/4/25,1067,2079,402,0.0,1901.08,8.25,MA
1161,5/4/25,1063,2094,403,3.0,493.35,6.9,IN
1162,5/4/25,1160,2016,402,1.0,1162.87,16.4,MO
1163,5/4/25,1007,2004,403,2.0,2225.4,11.75,MD
1164,5/4/25,1121,2059,403,3.0,2048.2,21.5,WI
1165,5/4/25,1034,2089,402,3.0,2481.12,8.1,CO
1166,5/4/25,1161,2095,404,2.0,392.63,15.3,MN
1167,5/4/25,1088,2061,402,0.0,799.68,9.6,SC
1168,5/4/25,1113,2039,403,3.0,976.44,18.5,AL
1169,5/4/25,1066,2019,403,0.0,933.93,6.55,LA
1170,5/4/25,1000,2066,402,2.0,412.85,13.85,KY
1172,5/4/25,1193,2061,403,0.0,199.92,20.75,OK
1173,5/4/25,1196,2055,403,1.0,194.18,6.7,CT
1174,5/4/25,1001,2070,403,1.0,61.52,16.0,IA
1175,5/4/25,1105,2071,404,3.0,615.16,8.9,MS
1176,5/4/25,1063,2020,404,3.0,375.83,22.1,AR
1177,5/4/25,1056,2033,401,3.0,836.25,7.35,KS
1178,5/4/25,1160,2030,403,2.0,271.95,14.6,NV
1179,5/4/25,1166,2095,403,3.0,1472.37,11.4,UT
1181,5/4/25,1074,2014,404,3.0,738.9,9.25,NE
1182,5/4/25,1069,2089,404,1.0,372.17,20.1,WV
1183,5/4/25,1082,2002,402,0.0,1732.0,6.7,ID
1184,5/4/25,1136,2002,402,0.0,1732.0,15.3,HI
1186,5/4/25,1186,2001,402,0.0,824.7,21.5,NH
1188,5/4/25,1087,2053,403,3.0,2440.6,14.0,DE
1189,5/4/25,1095,2059,401,2.0,1638.56,7.95,MT
1190,5/4/25,1020,2096,402,0.0,2688.72,16.75,SD
1191,5/4/25,1068,2099,404,0.0,1938.96,12.1,ND
1192,5/4/25,1139,2060,402,1.0,1102.63,18.9,AK
1193,5/4/25,1064,2048,401,0.0,715.26,6.85,VT
1195,5/4/25,1197,2056,402,0.0,1049.44,9.4,DC
1196,5/4/25,1050,2058,401,1.0,1800.22,20.5,TX
1197,5/4/25,1121,2049,403,2.0,751.87,7.15,CA
1198,5/4/25,1040,2080,401,0.0,1664.52,16.25,FL
1199,5/4/25,1064,2061,403,1.0,179.93,11.1,NY
1200,5/4/25,1092,2006,402,0.0,198.0,22.0,WA
1201,5/4/25,1060,2081,404,2.0,1193.95,6.3,OH
1202,5/4/25,1003,2021,403,0.0,2506.23,13.5,PA
1203,5/4/25,1101,2031,401,0.0,1130.6,8.75,IL
1205,5/4/25,1095,2098,401,1.0,2451.22,12.4,MI
1206,5/4/25,1040,2063,401,2.0,883.94,19.6,NC
1207,5/4/25,1194,2080,401,0.0,1664.52,7.05,NJ
1209,5/4/25,1032,2062,402,2.0,1981.95,9.95,AZ
1210,5/4/25,1142,2082,403,3.0,799.8,21.1,MA
1211,5/4/25,1187,2024,401,3.0,372.81,6.55,TN
1212,5/4/25,1091,2092,402,2.0,385.77,16.1,IN
1213,5/4/25,1010,2062,404,2.0,990.98,10.25,MO
1214,5/4/25,1138,2089,404,1.0,744.34,18.3,MD
1215,5/4/25,1145,2023,403,2.0,1503.26,7.65,WI
1216,5/4/25,1187,2059,403,1.0,1843.38,13.85,CO
1218,5/4/25,1075,2033,403,3.0,836.25,16.75,SC
1219,5/4/25,1000,2099,404,1.0,2326.75,12.55,AL
1222,5/4/25,1048,2067,404,1.0,785.56,14.1,OR
1224,5/4/25,1164,2041,401,0.0,804.21,19.25,CT
1226,5/4/25,1033,2022,401,1.0,604.06,13.2,MS
1227,5/4/25,1027,2062,402,0.0,1238.72,7.95,AR
1228,5/4/25,1008,2073,404,3.0,1498.29,17.6,KS
1229,5/4/25,1134,2079,403,0.0,950.54,11.5,NV
1230,5/4/25,1093,2028,401,0.0,1275.88,15.4,UT
1231,5/4/25,1053,2083,404,0.0,2304.48,9.1,NM
1233,5/4/25,1142,2095,404,2.0,1177.9,6.55,WV
1234,5/4/25,1181,2007,403,0.0,583.39,14.8,ID
1235,5/4/25,1187,2009,403,0.0,265.24,8.9,HI
1236,5/4/25,1055,2066,401,0.0,2580.3,16.2,ME
1237,5/4/25,1185,2029,404,1.0,12.16,12.0,NH
1238,5/4/25,1049,2067,402,1.0,261.86,19.6,RI
1239,5/4/25,1142,2095,404,0.0,1963.16,7.3,DE
1240,5/4/25,1196,2081,403,3.0,746.22,15.1,MT
1241,5/4/25,1179,2085,404,0.0,242.15,10.5,SD
1242,5/4/25,1042,2023,404,2.0,2254.9,13.85,ND
1243,5/4/25,1168,2020,404,2.0,601.33,7.95,AK
1245,5/4/25,1105,2097,404,2.0,673.68,6.6,WY
1246,5/4/25,1155,2030,402,3.0,509.91,15.9,DC
1247,5/4/25,1196,2070,403,2.0,27.34,11.25,FL
1248,5/4/25,1115,2057,404,0.0,1747.92,21.4,TX
1249,5/4/25,1185,2004,403,0.0,2781.75,8.3,CA
1251,5/4/25,1076,2028,402,2.0,1020.7,9.55,WA
1252,5/4/25,1005,2098,403,1.0,3268.3,17.5,OH
1253,5/4/25,1024,2004,404,2.0,1483.6,6.85,PA
1254,5/4/25,1039,2017,403,2.0,370.96,13.65,IL
1255,5/4/25,1149,2031,402,2.0,904.48,10.25,GA
1256,5/4/25,1076,2011,404,1.0,737.53,20.8,MI
1257,5/4/25,1187,2009,403,3.0,198.93,6.65,NC
1258,5/4/25,1044,2062,401,2.0,495.49,16.05,NJ
1260,5/4/25,1199,2007,403,2.0,1400.14,22.0,AZ
1261,5/4/25,1111,2053,401,1.0,3294.81,7.4,MA
1262,5/4/25,1191,2083,401,3.0,768.16,14.25,TN
1263,5/4/25,1013,2039,401,2.0,1562.3,11.6,IN
1264,5/4/25,1138,2072,402,2.0,672.48,18.75,MO
1265,5/4/25,1128,2089,402,1.0,744.34,9.35,MD
1266,5/4/25,1012,2086,404,3.0,2682.3,20.1,WI
1267,5/4/25,1192,2076,401,1.0,1450.93,6.75,CO
1268,5/4/25,1110,2037,404,1.0,324.13,15.3,MN
1269,5/4/25,1033,2043,401,3.0,4367.25,10.8,SC
1270,5/4/25,1146,2095,401,3.0,1963.16,21.5,AL
1272,5/4/25,1198,2089,402,1.0,744.34,13.9,KY
1273,5/4/25,1123,2071,402,3.0,1845.48,7.95,OR
1274,5/4/25,1101,2083,402,1.0,2074.03,16.75,OK
1275,5/4/25,1062,2009,403,3.0,66.31,12.1,CT
1276,5/4/25,1082,2087,401,0.0,318.64,18.9,IA
1278,5/4/25,1089,2024,403,2.0,298.25,14.55,AR
1279,5/4/25,1152,2083,401,2.0,1843.58,9.4,KS
1280,5/4/25,1043,2044,404,1.0,373.64,20.5,NV
1282,5/4/25,1175,2047,402,0.0,1004.94,16.25,NM
1283,5/4/25,1028,2094,401,1.0,888.03,11.1,NE
1284,5/4/25,1158,2018,403,0.0,2169.04,22.0,WV
1285,5/4/25,1087,2088,401,2.0,567.48,6.3,ID
1286,5/4/25,1115,2060,401,2.0,980.11,13.5,HI
1287,5/4/25,1053,2094,402,1.0,888.03,8.75,ME
1288,5/4/25,1139,2066,403,3.0,2580.3,17.2,NH
1290,5/4/25,1096,2074,401,2.0,1055.2,19.6,DE
1291,5/4/25,1043,2007,403,1.0,525.05,7.05,MT
1292,5/4/25,1178,2079,403,0.0,950.54,14.95,SD
1293,5/4/25,1119,2083,401,0.0,768.16,9.9,ND
1295,5/4/25,1027,2002,403,3.0,866.0,6.55,VT
1296,5/4/25,1059,2048,401,2.0,572.21,16.1,WY
1297,5/4/25,1124,2076,401,1.0,2176.39,10.25,DC
1298,5/4/25,1050,2064,404,0.0,1470.2,18.35,CA
1299,5/4/25,1010,2031,403,2.0,1356.72,7.65,TX
1300,5/4/25,1125,2050,402,0.0,373.56,13.85,FL
1301,5/4/25,1088,2087,403,2.0,509.82,9.4,NY
1302,5/4/25,1160,2038,402,2.0,2223.62,16.75,WA
1303,5/4/25,1015,2080,403,3.0,2496.78,12.55,OH
1304,5/4/25,1007,2071,403,1.0,553.64,20.5,PA
1305,5/4/25,1038,2043,404,1.0,786.1,8.2,IL
1306,5/4/25,1022,2093,404,1.0,2721.38,14.1,GA
1307,5/4/25,1106,2030,402,3.0,1019.82,10.8,MI
1308,5/4/25,1079,2077,403,3.0,561.83,19.25,NC
1309,5/4/25,1138,2016,402,1.0,872.15,5.7,NJ
1310,5/4/25,1148,2069,402,1.0,418.3,13.2,VA
1311,5/4/25,1079,2088,402,3.0,709.35,7.95,AZ
1312,5/4/25,1197,2018,402,2.0,867.62,17.6,MA
1313,5/4/25,1017,2071,401,1.0,553.64,11.5,TN
1314,5/4/25,1081,2018,401,2.0,867.62,15.4,IN
1315,5/4/25,1105,2052,403,3.0,731.26,9.1,MO
1317,5/4/25,1199,2024,401,1.0,223.69,6.55,WI
1318,5/4/25,1047,2003,403,1.0,346.66,14.8,CO
1319,5/4/25,1152,2029,402,0.0,27.02,8.9,MN
1320,5/4/25,1091,2010,404,1.0,210.17,16.2,SC
1323,5/4/25,1035,2020,402,1.0,676.49,7.3,KY
1324,5/4/25,1008,2052,401,2.0,585.01,15.1,OR
1325,5/4/25,1105,2028,402,1.0,1148.29,10.5,OK
1326,5/4/25,1016,2022,404,3.0,2684.72,22.0,CT
1327,5/4/25,1176,2041,404,1.0,1447.58,6.85,IA
1328,5/4/25,1109,2051,401,3.0,469.28,14.4,MS
1329,5/4/25,1184,2040,404,0.0,103.62,9.75,AR
1330,5/4/25,1133,2013,404,3.0,3741.44,17.9,KS
1331,5/4/25,1010,2031,404,0.0,1130.6,8.25,NV
1333,5/4/25,1074,2056,404,2.0,839.55,11.2,NM
1334,5/4/25,1198,2036,404,1.0,392.36,20.1,NE
1335,5/4/25,1108,2037,401,1.0,648.25,7.6,WV
1336,5/4/25,1118,2082,404,0.0,799.8,16.5,ID
1337,5/4/25,1184,2064,401,1.0,264.64,10.95,HI
1338,5/4/25,1199,2074,402,3.0,1978.5,21.3,ME
1341,5/4/25,1023,2032,403,1.0,1702.08,19.45,DE
1342,5/4/25,1183,2093,401,0.0,2267.82,6.95,MT
1343,5/4/25,1029,2090,404,2.0,57.31,16.35,SD
1344,5/4/25,1021,2067,404,1.0,261.86,11.75,ND
1345,5/4/25,1096,2070,404,0.0,136.72,21.55,AK
1346,5/4/25,1196,2021,403,1.0,751.87,8.25,VT
1347,5/4/25,1041,2018,402,0.0,1084.52,15.25,WY
1349,5/4/25,1073,2080,402,0.0,3329.04,18.55,FL
1350,5/4/25,1033,2025,401,2.0,671.09,6.55,TX
1351,5/4/25,1003,2058,404,3.0,2000.25,13.85,CA
1352,5/4/25,1139,2000,404,1.0,1744.76,10.25,NY
1353,5/4/25,1055,2075,404,3.0,3122.56,20.75,WA
1354,5/4/25,1104,2056,401,0.0,1574.16,6.7,OH
1355,5/4/25,1062,2070,403,1.0,30.76,16.05,PA
1356,5/4/25,1012,2023,402,0.0,2818.62,8.9,IL
1357,5/4/25,1167,2044,401,1.0,560.47,22.1,GA
1359,5/4/25,1022,2006,401,3.0,990.0,14.65,NC
1360,5/4/25,1045,2020,403,1.0,1352.99,11.4,NJ
1361,5/4/25,1116,2095,403,0.0,981.58,17.95,VA
1362,5/4/25,1023,2098,403,2.0,1452.58,9.25,AZ
1363,5/4/25,1094,2048,401,3.0,1072.89,20.1,MA
1365,5/4/25,1034,2015,403,2.0,1079.95,15.35,IN
1366,5/4/25,1134,2052,402,1.0,1316.27,10.8,MO
1367,5/4/25,1156,2007,401,0.0,1750.17,21.5,MD
1369,5/4/25,1155,2040,403,2.0,27.63,14.05,CO
1370,5/4/25,1033,2078,404,3.0,568.04,7.95,MN
1371,5/4/25,1126,2023,402,2.0,2254.9,16.75,SC
1372,5/4/25,1049,2000,401,0.0,3877.24,12.1,AL
1374,5/4/25,1157,2053,404,0.0,1830.45,6.85,KY
1375,5/4/25,1085,2044,402,0.0,207.58,14.55,OR
1376,5/4/25,1163,2025,403,2.0,447.39,9.4,OK
1377,5/4/25,1017,2039,403,2.0,3905.76,20.5,CT
1379,5/4/25,1087,2050,401,1.0,168.1,16.25,MS
1380,5/4/25,1049,2042,403,3.0,670.44,11.1,AR
1381,5/4/25,1121,2004,402,3.0,3709.0,22.0,KS
1382,5/4/25,1039,2080,404,2.0,665.81,6.3,NV
1384,5/4/25,1144,2092,403,0.0,1446.63,8.75,NM
1385,5/4/25,1053,2073,403,2.0,1198.63,17.2,NE
1387,5/4/25,1086,2048,402,3.0,1072.89,19.6,ID
1389,5/4/25,1180,2040,401,2.0,110.53,14.9,ME
1391,5/4/25,1095,2057,403,1.0,786.56,21.1,RI
1392,5/4/25,1134,2038,402,0.0,926.51,6.55,DE
1394,5/4/25,1113,2064,401,3.0,294.04,10.25,SD
1395,5/4/25,1128,2019,402,2.0,1494.29,18.3,ND
1396,5/4/25,1123,2093,403,2.0,3023.76,7.65,AK
1397,5/4/25,1036,2098,401,1.0,817.07,13.85,VT
1398,5/4/25,1052,2092,401,3.0,1928.84,9.4,WY
1399,5/4/25,1099,2091,401,0.0,905.79,16.75,DC
1400,5/4/25,1079,2005,401,2.0,1715.12,12.55,TX
1401,5/4/25,1119,2005,401,2.0,686.05,20.5,CA
1403,5/4/25,1082,2025,402,2.0,223.7,14.1,NY
1404,5/4/25,1070,2068,403,3.0,2460.72,10.8,WA
1406,5/4/25,1040,2035,401,0.0,899.99,5.7,PA
1407,5/4/25,1159,2071,401,1.0,1660.93,13.2,IL
1410,5/4/25,1043,2009,403,2.0,106.1,18.55,NC
1411,5/4/25,1138,2056,401,1.0,944.5,6.6,NJ
1412,5/4/25,1007,2060,401,0.0,816.76,15.95,VA
1413,5/4/25,1098,2006,401,3.0,990.0,11.25,AZ
1414,5/4/25,1100,2022,404,2.0,1610.83,21.45,MA
1415,5/4/25,1079,2042,402,0.0,167.61,8.3,TN
1416,5/4/25,1193,2097,404,1.0,2273.67,14.65,IN
1417,5/4/25,1023,2089,404,0.0,413.52,9.55,MO
1418,5/4/25,1116,2039,404,3.0,3905.76,17.55,MD
1419,5/4/25,1059,2028,402,2.0,1531.06,6.85,WI
1420,5/4/25,1093,2050,402,2.0,298.85,13.7,CO
1421,5/4/25,1083,2058,404,0.0,2000.25,10.25,MN
1422,5/4/25,1016,2060,401,2.0,653.41,20.85,SC
1423,5/4/25,1122,2059,402,2.0,1228.92,6.65,AL
1424,5/4/25,1196,2044,402,0.0,207.58,16.1,LA
1425,5/4/25,1103,2091,401,2.0,2173.9,8.95,KY
1426,5/4/25,1142,2083,401,2.0,1229.06,22.0,OR
1427,5/4/25,1136,2059,404,3.0,2560.25,7.4,OK
1428,5/4/25,1061,2079,402,1.0,2566.46,14.3,CT
1429,5/4/25,1123,2049,401,2.0,751.87,11.6,IA
1430,5/4/25,1053,2088,404,3.0,709.35,18.75,MS
1431,5/4/25,1145,2043,402,1.0,1572.21,9.35,AR
1432,5/4/25,1169,2085,401,3.0,1210.75,20.1,KS
1433,5/4/25,1029,2075,404,2.0,1249.02,6.75,NV
1434,5/4/25,1142,2012,404,1.0,1682.61,15.35,UT
1435,5/4/25,1078,2051,401,0.0,117.32,10.8,NM
1436,5/4/25,1175,2076,404,2.0,1289.71,21.5,NE
1437,5/4/25,1126,2082,401,0.0,1066.4,8.45,WV
1438,5/4/25,1055,2017,401,1.0,1669.32,13.95,ID
1439,5/4/25,1169,2019,404,2.0,747.14,7.95,HI
1440,5/4/25,1099,2078,404,1.0,383.43,16.75,ME
1442,5/4/25,1145,2086,403,3.0,2682.3,18.9,RI
1443,5/4/25,1183,2044,401,0.0,1037.9,6.85,DE
1444,5/4/25,1156,2065,404,1.0,423.31,14.6,MT
1445,5/4/25,1075,2007,403,0.0,1166.78,9.4,SD
1446,5/4/25,1000,2090,403,0.0,143.28,20.5,ND
1448,5/4/25,1179,2075,404,2.0,1873.54,16.25,VT
1449,5/4/25,1182,2048,404,3.0,357.63,11.1,WY
1450,5/4/25,1111,2069,402,1.0,836.6,22.0,DC
1451,5/4/25,1121,2017,402,3.0,2782.2,6.3,FL
1452,5/4/25,1092,2053,402,2.0,1464.36,13.5,TX
1453,5/4/25,1171,2016,402,0.0,646.04,8.75,CA
1455,5/4/25,1184,2062,404,1.0,1672.27,12.4,WA
1456,5/4/25,1021,2017,404,3.0,463.7,19.6,OH
1457,5/4/25,1178,2077,404,1.0,505.65,7.05,PA
1458,5/4/25,1116,2065,404,3.0,470.34,14.95,IL
1459,5/4/25,1098,2045,402,1.0,280.93,9.9,GA
1460,5/4/25,1108,2077,401,3.0,1685.49,21.1,MI
1461,5/4/25,1187,2030,403,3.0,509.91,6.55,NC
1462,5/4/25,1139,2073,403,0.0,499.43,16.1,NJ
1464,5/4/25,1028,2074,404,0.0,3297.5,18.35,AZ
1467,5/4/25,1120,2080,401,2.0,665.81,9.4,IN
1468,5/4/25,1156,2006,403,0.0,198.0,16.75,MO
1469,5/4/25,1120,2058,404,2.0,1600.2,12.55,MD
1470,5/4/25,1107,2045,403,2.0,249.71,20.5,WI
1472,5/4/25,1015,2080,404,1.0,749.03,14.1,MN
1473,5/4/25,1146,2006,403,0.0,792.0,10.8,SC
1474,5/4/25,1073,2062,401,1.0,1114.85,19.25,AL
1476,5/4/25,1033,2078,403,2.0,340.82,13.2,KY
1477,5/4/25,1065,2001,401,1.0,371.12,7.95,OR
1478,5/4/25,1151,2094,402,3.0,493.35,17.6,OK
1480,5/4/25,1124,2023,401,2.0,2254.9,15.4,IA
1481,5/4/25,1021,2018,402,3.0,542.26,9.1,MS
1483,5/4/25,1169,2056,402,1.0,944.5,6.55,KS
1484,5/4/25,1147,2093,403,0.0,2267.82,14.8,NV
1485,5/4/25,1164,2033,401,0.0,836.25,8.9,UT
1486,5/4/25,1042,2059,404,3.0,3072.3,16.2,NM
1487,5/4/25,1077,2060,402,3.0,1633.52,12.0,NE
1488,5/4/25,1174,2090,404,3.0,286.56,19.6,WV
1489,5/4/25,1067,2018,404,0.0,2169.04,7.3,ID
1490,5/4/25,1073,2057,404,2.0,349.58,15.1,HI
1491,5/4/25,1135,2087,401,0.0,318.64,10.5,ME
1492,5/4/25,1136,2081,403,3.0,2238.66,22.0,NH
1493,5/4/25,1156,2083,403,2.0,1229.06,6.85,RI
1494,5/4/25,1069,2034,401,2.0,217.87,14.4,DE
1495,5/4/25,1167,2074,404,3.0,2638.0,9.75,MT
1496,5/4/25,1197,2086,402,1.0,2414.07,17.9,SD
1497,5/4/25,1133,2043,402,2.0,1397.52,8.25,ND
1498,5/4/25,1140,2001,401,0.0,1237.05,13.95,AK
1499,5/4/25,1003,2052,401,0.0,731.26,11.2,VT
1500,5/4/25,1175,2057,403,1.0,1179.85,20.1,WY
1501,5/4/25,1185,2036,403,1.0,980.91,7.6,DC
1503,5/4/25,1152,2084,402,0.0,281.85,10.95,CA
1504,5/4/25,1181,2015,401,1.0,1214.95,21.3,FL
1506,5/4/25,1178,2023,403,2.0,1503.26,8.2,WA
1508,5/4/25,1070,2098,404,2.0,1452.58,6.95,PA
1509,5/4/25,1065,2020,401,2.0,300.66,16.45,IL
1510,5/4/25,1198,2007,404,3.0,2333.56,11.8,GA
1511,5/4/25,1085,2007,403,2.0,933.42,21.55,MI
1512,5/4/25,1045,2056,401,3.0,3148.32,8.3,NC
1513,5/4/25,1051,2078,404,1.0,383.43,15.35,NJ
1514,5/4/25,1165,2062,401,1.0,557.42,9.65,VA
1515,5/4/25,1138,2098,404,1.0,817.07,18.55,AZ
1516,5/4/25,1157,2082,401,3.0,1066.4,6.55,MA
1519,5/4/25,1004,2063,402,0.0,552.46,20.85,MO
1520,5/4/25,1009,2085,404,2.0,193.72,6.65,MD
1521,5/4/25,1038,2089,403,3.0,1240.56,16.1,WI
1522,5/4/25,1147,2000,404,3.0,4846.55,8.95,CO
1523,5/4/25,1111,2051,401,1.0,211.18,22.1,MN
1524,5/4/25,1000,2049,404,0.0,5639.04,7.4,SC
1525,5/4/25,1145,2068,403,2.0,656.19,14.35,AL
1526,5/4/25,1174,2038,404,0.0,1853.02,11.6,LA
1527,5/4/25,1161,2082,401,2.0,213.28,18.75,KY
1528,5/4/25,1136,2043,401,3.0,3493.8,9.35,OR
1529,5/4/25,1194,2098,403,1.0,2451.22,20.1,OK
1530,5/4/25,1045,2070,401,3.0,102.54,6.75,CT
1531,5/4/25,1169,2024,403,3.0,621.35,15.35,IA
1532,5/4/25,1027,2080,403,3.0,2496.78,10.8,MS
1533,5/4/25,1021,2080,404,1.0,2247.1,21.5,AR
1534,5/4/25,1035,2004,402,0.0,1854.5,8.45,KS
1535,5/4/25,1184,2075,402,3.0,2341.92,14.05,NV
1536,5/4/25,1099,2008,403,3.0,66.59,7.95,UT
1537,5/4/25,1136,2057,401,0.0,1310.94,16.75,NM
1538,5/4/25,1086,2007,403,0.0,1750.17,12.1,NE
1539,5/4/25,1103,2015,402,3.0,2024.91,18.9,WV
1541,5/4/25,1018,2004,402,3.0,927.25,14.6,HI
1542,5/4/25,1167,2002,404,0.0,866.0,9.4,ME
1543,5/4/25,1062,2089,402,0.0,2067.6,20.5,NH
1544,5/4/25,1044,2080,401,2.0,665.81,7.15,RI
1545,5/4/25,1024,2058,402,0.0,2000.25,16.25,DE
1546,5/4/25,1027,2014,404,1.0,443.34,11.1,MT
1547,5/4/25,1016,2025,404,2.0,671.09,22.0,SD
1548,5/4/25,1188,2086,404,2.0,2861.12,6.3,ND
1549,5/4/25,1030,2087,402,2.0,382.37,13.5,AK
1550,5/4/25,1054,2097,401,1.0,2273.67,8.75,VT
1551,5/4/25,1085,2008,401,2.0,106.54,17.25,WY
1552,5/4/25,1036,2096,404,1.0,1814.89,12.4,DC
1553,5/4/25,1178,2047,402,3.0,1004.94,19.6,CA
1554,5/4/25,1062,2074,401,1.0,1187.1,7.05,TX
1555,5/4/25,1025,2080,404,1.0,3745.17,14.95,FL
1556,5/4/25,1004,2062,401,0.0,2477.44,9.9,NY
1557,5/4/25,1001,2022,401,2.0,536.94,21.1,WA
1558,5/4/25,1106,2088,404,1.0,1276.83,6.55,OH
1559,5/4/25,1052,2018,403,3.0,2169.04,16.1,PA
1560,5/4/25,1105,2030,402,0.0,339.94,10.25,IL
1561,5/4/25,1152,2023,404,0.0,1879.08,18.35,GA
1563,5/4/25,1001,2071,402,1.0,1660.93,13.85,NC
1564,5/4/25,1030,2067,401,2.0,465.52,9.4,NJ
1565,5/4/25,1194,2069,402,3.0,929.56,16.75,VA
1566,5/4/25,1197,2080,402,2.0,1331.62,12.55,AZ
1567,5/4/25,1013,2024,401,1.0,335.53,20.5,MA
1568,5/4/25,1175,2060,404,1.0,735.08,8.2,TN
1569,5/4/25,1040,2085,401,0.0,484.3,14.1,IN
1570,5/4/25,1165,2046,403,1.0,60.17,10.8,MO
1571,5/4/25,1111,2032,403,3.0,3782.4,19.25,MD
1572,5/4/25,1011,2013,401,1.0,1683.65,5.7,WI
1573,5/4/25,1040,2003,404,0.0,385.18,13.2,CO
1574,5/4/25,1018,2030,404,2.0,135.98,7.95,MN
1575,5/4/25,1107,2025,403,1.0,754.97,17.6,SC
1578,5/4/25,1096,2028,401,3.0,2551.76,9.1,KY
1579,5/4/25,1149,2062,401,3.0,1858.08,21.75,OR
1580,5/4/25,1037,2027,404,1.0,465.5,6.55,OK
1582,5/4/25,1184,2024,403,2.0,198.83,8.9,IA
1583,5/4/25,1051,2042,402,0.0,167.61,16.2,MS
1584,5/4/25,1177,2072,401,2.0,672.48,12.0,AR
1585,5/4/25,1034,2014,404,3.0,985.2,19.6,KS
1586,5/4/25,1107,2021,403,1.0,751.87,7.3,NV
1587,5/4/25,1075,2077,402,1.0,2528.24,15.1,UT
1588,5/4/25,1147,2070,402,0.0,34.18,10.5,NM
1589,5/4/25,1105,2066,404,1.0,928.91,22.0,NE
1590,5/4/25,1151,2060,404,2.0,653.41,6.85,WV
1591,5/4/25,1003,2093,404,1.0,680.35,14.4,ID
1592,5/4/25,1063,2041,404,1.0,2171.37,9.75,HI
1593,5/4/25,1151,2019,401,3.0,933.93,17.9,ME
1594,5/4/25,1011,2005,404,0.0,428.78,8.25,NH
1595,5/4/25,1108,2067,404,3.0,290.95,13.95,RI
1596,5/4/25,1178,2012,404,3.0,623.19,11.2,DE
1597,5/4/25,1061,2010,401,3.0,389.2,20.1,MT
1599,5/4/25,1061,2082,401,0.0,266.6,16.5,ND
1600,5/4/25,1122,2085,403,1.0,217.94,10.95,AK
1601,5/4/25,1180,2058,401,3.0,666.75,21.3,VT
1602,5/4/25,1118,2098,402,3.0,907.86,13.95,WY
1603,5/4/25,1047,2047,404,0.0,334.98,7.9,DC
1605,5/4/25,1135,2004,403,3.0,3709.0,6.65,CA
1607,5/4/25,1158,2042,401,2.0,402.26,11.3,NY
1608,5/4/25,1013,2014,404,2.0,197.04,21.45,WA
1609,5/4/25,1119,2079,401,2.0,4562.59,8.35,OH
1610,5/4/25,1093,2022,401,1.0,604.06,14.65,PA
1611,5/4/25,1035,2042,402,0.0,335.22,9.55,IL
1612,5/4/25,1166,2061,402,1.0,179.93,17.55,GA
1613,5/4/25,1082,2045,403,3.0,312.14,6.85,MI
1614,5/4/25,1070,2006,401,2.0,633.6,13.7,NC
1615,5/4/25,1088,2057,404,0.0,436.98,10.25,NJ
1616,5/4/25,1120,2090,403,3.0,214.92,20.85,VA
1617,5/4/25,1158,2047,401,1.0,904.45,6.65,AZ
1619,5/4/25,1045,2036,401,0.0,217.98,8.95,TN
1620,5/4/25,1042,2035,401,1.0,809.99,22.0,IN
1621,5/4/25,1127,2019,402,0.0,933.93,7.4,MO
1622,5/4/25,1075,2053,402,3.0,2440.6,14.3,MD
1623,5/4/25,1088,2053,404,0.0,610.15,11.6,WI
1624,5/4/25,1074,2024,401,0.0,248.54,18.75,CO
1625,5/4/25,1059,2066,403,3.0,2064.24,9.35,MN
1626,5/4/25,1148,2043,403,3.0,873.45,20.1,SC
1627,5/4/25,1151,2085,404,3.0,726.45,6.75,AL
1628,5/4/25,1077,2072,402,2.0,1008.72,15.35,LA
1629,5/4/25,1043,2033,402,3.0,836.25,10.8,KY
1630,5/4/25,1095,2036,401,1.0,392.36,21.5,OR
1631,5/4/25,1090,2036,404,1.0,588.55,8.45,OK
1632,5/4/25,1158,2020,403,1.0,676.49,13.95,CT
1634,5/4/25,1060,2014,401,2.0,591.12,16.75,MS
1635,5/4/25,1147,2016,404,2.0,516.83,12.1,AR
1636,5/4/25,1094,2023,402,0.0,1879.08,18.9,KS
1638,5/4/25,1095,2057,402,2.0,349.58,14.6,UT
1640,5/4/25,1196,2018,404,2.0,433.81,20.5,NE
1641,5/4/25,1039,2000,403,2.0,775.45,7.15,WV
1642,5/4/25,1121,2037,402,3.0,1080.42,16.25,ID
1643,5/4/25,1086,2088,401,3.0,2837.4,11.1,HI
1644,5/4/25,1010,2017,401,2.0,1112.88,22.0,ME
1645,5/4/25,1006,2051,402,3.0,351.96,6.3,NH
1646,5/4/25,1091,2011,403,0.0,819.48,13.5,RI
1647,5/4/25,1155,2082,402,1.0,959.76,8.75,DE
1648,5/4/25,1005,2098,403,1.0,817.07,17.25,MT
1649,5/4/25,1005,2010,404,0.0,233.52,12.4,SD
1650,5/4/25,1131,2050,402,3.0,747.12,19.6,ND
1651,5/4/25,1081,2077,401,2.0,1797.86,7.05,AK
1652,5/4/25,1101,2018,404,2.0,867.62,14.95,VT
1653,5/4/25,1098,2047,401,2.0,1071.94,9.9,WY
1654,5/4/25,1088,2044,403,3.0,830.32,21.1,DC
1655,5/4/25,1143,2011,402,3.0,1229.22,6.55,FL
1656,5/4/25,1189,2053,404,2.0,1464.36,16.1,TX
1657,5/4/25,1041,2093,404,3.0,2267.82,10.25,CA
1658,5/4/25,1035,2075,401,1.0,1405.15,18.35,NY
1659,5/4/25,1053,2038,404,2.0,2964.83,7.65,WA
1660,5/4/25,1016,2075,404,0.0,3122.56,13.85,OH
1661,5/4/25,1001,2052,403,3.0,731.26,9.4,PA
1662,5/4/25,1044,2071,404,1.0,553.64,16.75,IL
1664,5/4/25,1141,2062,401,2.0,1486.46,20.5,MI
1665,5/4/25,1149,2038,404,3.0,926.51,8.2,NC
1666,5/4/25,1057,2003,401,1.0,2079.97,14.1,NJ
1667,5/4/25,1067,2038,404,0.0,926.51,10.8,VA
1668,5/4/25,1167,2085,403,3.0,242.15,19.25,AZ
1669,5/4/25,1045,2062,402,0.0,1858.08,5.7,MA
1670,5/4/25,1030,2097,403,3.0,3368.4,13.2,TN
1672,5/4/25,1144,2055,403,3.0,161.82,17.6,MO
1673,5/4/25,1177,2015,403,0.0,674.97,11.5,MD
1674,5/4/25,1066,2020,401,1.0,1014.74,15.4,WI
1675,5/4/25,1081,2059,402,2.0,409.64,9.1,CO
1676,5/4/25,1041,2006,403,2.0,475.2,21.75,MN
1677,5/4/25,1107,2081,403,0.0,3731.1,6.55,SC
1679,5/4/25,1196,2080,402,0.0,832.26,8.9,LA
1680,5/4/25,1153,2096,402,2.0,1075.49,16.2,KY
1681,5/4/25,1080,2087,403,2.0,127.46,12.0,OR
1682,5/4/25,1175,2089,403,0.0,2067.6,19.6,OK
1683,5/4/25,1136,2074,403,1.0,593.55,7.3,CT
1684,5/4/25,1003,2017,403,2.0,1112.88,15.1,IA
1685,5/4/25,1199,2062,404,2.0,990.98,10.5,MS
1686,5/4/25,1041,2013,402,1.0,1683.65,22.0,AR
1688,5/4/25,1106,2058,401,0.0,1333.5,14.4,NV
1689,5/4/25,1033,2002,404,2.0,1385.6,9.75,UT
1690,5/4/25,1079,2088,403,1.0,2553.66,17.9,NM
1692,5/4/25,1181,2038,401,0.0,2779.53,13.95,WV
1693,5/4/25,1056,2016,402,1.0,872.15,11.2,ID
1694,5/4/25,1078,2016,402,1.0,872.15,20.1,HI
1695,5/4/25,1020,2054,401,0.0,1801.02,7.6,ME
1697,5/4/25,1010,2025,401,0.0,559.24,10.95,RI
1698,5/4/25,1168,2065,401,3.0,1411.02,21.3,DE
1699,5/4/25,1030,2032,401,0.0,945.6,14.05,MT
1702,5/4/25,1047,2085,403,0.0,242.15,6.95,AK
1704,5/4/25,1090,2020,402,0.0,751.66,11.8,WY
1705,5/4/25,1025,2074,401,1.0,593.55,21.5,DC
1706,5/4/25,1183,2024,403,1.0,335.53,8.3,CA
1707,5/4/25,1193,2068,401,0.0,820.24,15.35,TX
1708,5/4/25,1054,2064,404,2.0,235.23,9.65,FL
1709,5/4/25,1178,2075,402,3.0,5464.48,18.55,NY
1710,5/4/25,1172,2013,402,2.0,2244.86,6.55,WA
1711,5/4/25,1097,2054,402,1.0,810.46,13.9,OH
1712,5/4/25,1104,2014,403,0.0,246.3,10.25,PA
1713,5/4/25,1119,2014,402,3.0,1231.5,20.85,IL
1714,5/4/25,1195,2046,403,0.0,100.29,6.65,GA
1717,5/4/25,1175,2056,402,3.0,2098.88,22.1,NJ
1718,5/4/25,1074,2054,402,0.0,2701.53,7.4,VA
1719,5/4/25,1121,2086,403,1.0,3218.76,14.35,AZ
1720,5/4/25,1003,2086,404,0.0,1788.2,11.6,MA
1721,5/4/25,1101,2056,401,0.0,524.72,18.75,TN
1722,5/4/25,1036,2050,404,0.0,747.12,9.35,IN
1723,5/4/25,1189,2021,401,2.0,1336.66,20.1,MO
1724,5/4/25,1050,2043,402,3.0,873.45,6.75,MD
1725,5/4/25,1031,2029,404,3.0,40.53,15.35,WI
1726,5/4/25,1071,2097,403,3.0,2526.3,10.8,CO
1727,5/4/25,1091,2060,404,3.0,1225.14,21.5,MN
1728,5/4/25,1130,2035,402,3.0,899.99,8.45,SC
1730,5/4/25,1127,2029,402,0.0,40.53,7.95,LA
1731,5/4/25,1025,2094,401,0.0,1973.4,16.75,KY
1732,5/4/25,1127,2086,401,1.0,4828.14,12.1,OR
1733,5/4/25,1097,2077,403,1.0,2022.59,18.9,OK
1734,5/4/25,1077,2079,401,0.0,1901.08,6.85,CT
1735,5/4/25,1169,2096,404,3.0,672.18,14.6,IA
1736,5/4/25,1051,2037,404,3.0,1800.7,9.4,MS
1737,5/4/25,1129,2033,403,0.0,1672.5,20.5,AR
1738,5/4/25,1195,2004,404,0.0,2781.75,7.15,KS
1739,5/4/25,1098,2057,403,3.0,1310.94,16.25,NV
1740,5/4/25,1113,2058,401,0.0,2000.25,11.1,UT
1742,5/4/25,1125,2055,402,2.0,86.3,6.3,NE
1743,5/4/25,1183,2049,404,0.0,1879.68,13.5,WV
1744,5/4/25,1145,2086,404,3.0,2682.3,8.75,ID
1745,5/4/25,1121,2071,402,0.0,1845.48,17.25,HI
1746,5/4/25,1100,2033,404,3.0,2508.75,12.4,ME
1747,5/4/25,1157,2086,403,2.0,1430.56,19.6,NH
1748,5/4/25,1082,2007,401,0.0,1750.17,7.05,RI
1749,5/4/25,1032,2046,403,0.0,167.15,14.95,DE
1750,5/4/25,1195,2080,403,3.0,3329.04,9.9,MT
1752,5/4/25,1105,2044,401,1.0,373.64,6.55,ND
1753,5/4/25,1063,2030,403,0.0,509.91,16.1,AK
1754,5/4/25,1176,2008,403,0.0,133.18,10.25,VT
1755,5/4/25,1086,2021,401,2.0,2004.98,18.35,WY
1756,5/4/25,1009,2058,404,3.0,2000.25,7.65,DC
1758,5/4/25,1081,2048,404,2.0,572.21,9.4,TX
1759,5/4/25,1146,2012,404,0.0,623.19,16.75,CA
1760,5/4/25,1176,2086,402,2.0,1430.56,12.55,NY
1761,5/4/25,1127,2064,403,1.0,529.27,20.5,WA
1762,5/4/25,1157,2038,403,3.0,4632.55,8.2,OH
1764,5/4/25,1073,2033,401,2.0,1338.0,10.8,IL
1767,5/4/25,1069,2008,404,3.0,66.59,13.2,NC
1768,5/4/25,1053,2044,401,2.0,332.13,7.95,NJ
1770,5/4/25,1051,2053,404,2.0,488.12,11.5,AZ
1771,5/4/25,1159,2065,404,1.0,1693.22,15.4,MA
1772,5/4/25,1004,2080,402,3.0,3329.04,9.1,TN
1773,5/4/25,1054,2084,404,2.0,901.92,21.75,IN
1774,5/4/25,1163,2068,404,0.0,1640.48,6.55,MO
1775,5/4/25,1133,2025,403,3.0,838.86,14.8,MD
1776,5/4/25,1037,2030,402,2.0,271.95,8.9,WI
1777,5/4/25,1111,2052,403,0.0,731.26,16.2,CO
1778,5/4/25,1162,2026,404,2.0,169.25,12.0,MN
1779,5/4/25,1073,2082,402,2.0,213.28,19.6,SC
1780,5/4/25,1175,2076,402,3.0,806.07,7.3,AL
1781,5/4/25,1061,2014,402,1.0,665.01,15.1,LA
1782,5/4/25,1007,2031,403,3.0,1695.9,10.5,KY
1783,5/4/25,1124,2071,404,3.0,1845.48,22.0,OR
1784,5/4/25,1165,2004,402,1.0,1669.05,6.85,OK
1786,5/4/25,1071,2084,402,0.0,281.85,9.75,IA
1787,5/4/25,1184,2062,401,0.0,2477.44,17.9,MS
1788,5/4/25,1021,2040,403,0.0,69.08,8.25,AR
1789,5/4/25,1104,2046,401,3.0,167.15,13.95,KS
1790,5/4/25,1185,2017,402,0.0,1854.8,11.2,NV
1791,5/4/25,1146,2094,401,2.0,789.36,20.1,UT
1792,5/4/25,1127,2011,402,0.0,409.74,7.6,NM
1793,5/4/25,1197,2040,403,3.0,138.16,16.5,NE
1794,5/4/25,1191,2095,402,3.0,1963.16,10.95,WV
1795,5/4/25,1055,2018,401,1.0,488.03,21.3,ID
1796,5/4/25,1054,2035,404,3.0,899.99,13.9,HI
1797,5/4/25,1065,2075,401,3.0,3903.2,7.85,ME
1798,5/4/25,1136,2047,401,2.0,267.98,18.55,NH
1799,5/4/25,1139,2054,404,1.0,3241.84,6.6,RI
1801,5/4/25,1183,2047,403,0.0,1004.94,11.25,MT
1802,5/4/25,1165,2077,401,0.0,1685.49,21.45,SD
1803,5/4/25,1176,2085,402,2.0,581.16,8.3,ND
1804,5/4/25,1141,2049,403,2.0,1503.74,14.65,AK
1805,5/4/25,1175,2015,402,3.0,674.97,9.55,VT
1807,5/4/25,1077,2011,402,2.0,655.58,6.85,DC
1808,5/4/25,1053,2020,404,2.0,601.33,13.7,TX
1809,5/4/25,1196,2082,404,0.0,533.2,10.25,CA
1810,5/4/25,1070,2010,404,3.0,311.36,20.85,FL
1811,5/4/25,1188,2052,403,3.0,2925.04,6.65,NY
1812,5/4/25,1025,2020,403,0.0,375.83,16.1,WA
1813,5/4/25,1090,2053,403,3.0,1830.45,8.95,OH
1814,5/4/25,1177,2003,401,1.0,346.66,22.0,PA
1815,5/4/25,1161,2056,402,0.0,1049.44,7.4,IL
1817,5/4/25,1147,2010,401,1.0,70.06,11.6,MI
1818,5/4/25,1063,2066,402,3.0,516.06,18.75,NC
1819,5/4/25,1081,2057,404,1.0,786.56,9.35,NJ
1820,5/4/25,1066,2022,403,2.0,536.94,20.1,VA
1821,5/4/25,1050,2010,404,2.0,62.27,6.75,AZ
1822,5/4/25,1046,2050,404,1.0,336.2,15.35,MA
1823,5/4/25,1005,2002,402,0.0,3464.0,10.8,TN
1825,5/4/25,1012,2051,404,2.0,93.86,8.45,MO
1826,5/4/25,1038,2011,403,1.0,1475.06,13.95,MD
1827,5/4/25,1145,2015,401,3.0,2024.91,7.95,WI
1828,5/4/25,1197,2058,404,0.0,666.75,16.75,CO
1829,5/4/25,1057,2091,402,1.0,815.21,12.1,MN
1830,5/4/25,1005,2034,403,3.0,544.68,18.9,SC
1831,5/4/25,1097,2016,404,1.0,290.72,6.85,AL
1832,5/4/25,1153,2027,403,1.0,698.25,14.6,LA
1833,5/4/25,1107,2023,404,1.0,2536.76,9.4,KY
1834,5/4/25,1007,2037,403,1.0,648.25,20.5,OR
1835,5/4/25,1158,2057,402,2.0,699.17,7.15,OK
1836,5/4/25,1149,2087,404,0.0,637.28,16.25,CT
1837,5/4/25,1002,2060,402,2.0,326.7,11.1,IA
1838,5/4/25,1177,2050,402,3.0,186.78,22.0,MS
1839,5/4/25,1181,2054,403,0.0,1801.02,6.3,AR
1840,5/4/25,1024,2071,401,0.0,615.16,13.5,KS
1841,5/4/25,1085,2030,404,2.0,407.93,8.75,NV
1842,5/4/25,1155,2085,401,0.0,726.45,17.25,UT
1843,5/4/25,1064,2064,404,2.0,940.93,12.4,NM
1844,5/4/25,1101,2085,403,1.0,217.94,19.6,NE
1845,5/4/25,1143,2005,402,2.0,343.02,7.05,WV
1846,5/4/25,1043,2064,404,2.0,235.23,14.95,ID
1847,5/4/25,1119,2016,401,2.0,258.42,9.9,HI
1848,5/4/25,1181,2067,404,1.0,523.71,21.1,ME
1850,5/4/25,1032,2063,403,2.0,441.97,16.1,RI
1851,5/4/25,1110,2036,403,2.0,348.77,10.25,DE
1852,5/4/25,1132,2040,404,1.0,124.34,18.35,MT
1855,5/4/25,1048,2019,401,1.0,840.54,9.4,AK
1856,5/4/25,1046,2004,404,2.0,741.8,16.75,VT
1857,5/4/25,1041,2090,404,3.0,358.2,12.55,WY
1858,5/4/25,1029,2063,401,3.0,1657.38,20.5,DC
1859,5/4/25,1091,2090,404,3.0,214.92,8.2,FL
1860,5/4/25,1126,2014,402,0.0,492.6,14.1,TX
1861,5/4/25,1089,2011,402,2.0,1638.96,10.8,CA
1862,5/4/25,1046,2021,403,1.0,2255.61,19.25,NY
1863,5/4/25,1149,2000,402,3.0,4846.55,5.7,WA
1864,5/4/25,1019,2031,404,0.0,1695.9,13.2,OH
1866,5/4/25,1100,2047,401,2.0,803.95,17.6,IL
1867,5/4/25,1039,2003,401,3.0,1155.54,11.5,GA
1868,5/4/25,1181,2084,404,3.0,1127.4,15.4,MI
1869,5/4/25,1160,2034,401,2.0,326.81,9.1,NC
1870,5/4/25,1011,2083,404,2.0,614.53,21.75,NJ
1871,5/4/25,1187,2093,402,1.0,680.35,6.55,VA
1872,5/4/25,1012,2082,403,2.0,853.12,14.8,AZ
1874,5/4/25,1023,2051,403,1.0,211.18,16.2,TN
1875,5/4/25,1061,2098,404,0.0,2723.58,12.0,IN
1876,5/4/25,1005,2026,402,3.0,211.56,19.6,MO
1878,5/4/25,1030,2038,404,3.0,3706.04,15.1,WI
1879,5/4/25,1188,2039,402,2.0,1562.3,10.5,CO
1880,5/4/25,1170,2012,403,1.0,560.87,22.0,MN
1881,5/4/25,1125,2057,404,3.0,1310.94,6.85,SC
1882,5/4/25,1068,2072,404,0.0,420.3,14.4,AL
1884,5/4/25,1111,2080,404,0.0,1664.52,17.9,KY
1886,5/4/25,1173,2028,402,3.0,2551.76,13.95,OK
1887,5/4/25,1134,2080,401,2.0,1331.62,11.2,CT
1888,5/4/25,1119,2055,401,3.0,269.7,20.1,IA
1889,5/4/25,1076,2019,402,2.0,747.14,7.6,MS
1892,5/4/25,1131,2013,404,3.0,4676.8,21.3,NV
1894,5/4/25,1065,2074,401,0.0,3297.5,14.0,NM
1896,5/4/25,1046,2050,401,0.0,560.34,19.5,WV
1897,5/4/25,1106,2090,403,2.0,114.62,6.95,ID
1898,5/4/25,1150,2092,404,3.0,482.21,16.4,HI
1899,5/4/25,1159,2033,403,1.0,752.62,11.8,ME
1900,5/4/25,1054,2023,401,2.0,751.63,21.55,NH
1901,5/4/25,1172,2013,404,0.0,1870.72,8.3,RI
1902,5/4/25,1001,2050,401,0.0,560.34,15.35,DE
1903,5/4/25,1043,2083,404,3.0,2304.48,9.65,MT
1904,5/4/25,1177,2051,404,2.0,281.57,18.55,SD
1905,5/4/25,1158,2078,403,3.0,568.04,6.55,ND
1906,5/4/25,1077,2011,402,1.0,368.77,13.9,AK
1907,5/4/25,1003,2024,401,0.0,248.54,10.25,VT
1908,5/4/25,1178,2024,401,1.0,223.69,20.85,WY
1909,5/4/25,1123,2083,402,1.0,1382.69,6.65,DC
1910,5/4/25,1111,2080,402,0.0,3329.04,16.1,TX
1911,5/4/25,1077,2098,404,1.0,817.07,8.95,CA
1913,5/4/25,1042,2019,404,3.0,933.93,7.4,NY
1914,5/4/25,1120,2002,404,1.0,1558.8,14.35,WA
1916,5/4/25,1085,2001,401,3.0,412.35,18.75,PA
1918,5/4/25,1124,2051,404,3.0,351.96,20.1,GA
1919,5/4/25,1059,2091,401,0.0,1811.58,6.75,MI
1920,5/4/25,1108,2073,403,0.0,1498.29,15.35,NC
1922,5/4/25,1029,2063,403,3.0,3314.76,21.5,VA
1923,5/4/25,1178,2055,401,1.0,242.73,8.45,AZ
1924,5/4/25,1073,2092,402,3.0,482.21,14.05,MA
1925,5/4/25,1088,2056,402,1.0,1888.99,7.95,TN
1926,5/4/25,1150,2087,403,3.0,477.96,16.75,IN
1927,5/4/25,1033,2037,404,3.0,1440.56,12.1,MO
1928,5/4/25,1172,2083,403,3.0,2304.48,18.9,MD
1929,5/4/25,1041,2079,402,2.0,2281.3,6.85,WI
1930,5/4/25,1176,2095,401,3.0,1472.37,14.6,CO
1931,5/4/25,1033,2022,402,1.0,1208.12,9.4,MN
1932,5/4/25,1155,2062,401,3.0,1858.08,20.5,SC
1933,5/4/25,1126,2038,402,1.0,1667.72,7.15,AL
1935,5/4/25,1066,2045,402,1.0,1123.7,11.1,KY
1936,5/4/25,1128,2004,401,2.0,2967.2,22.0,OR
1937,5/4/25,1110,2014,402,0.0,246.3,6.3,OK
1938,5/4/25,1143,2028,404,2.0,1531.06,13.5,CT
1940,5/4/25,1038,2088,401,0.0,1418.7,17.25,MS
1942,5/4/25,1005,2078,401,0.0,426.03,19.6,KS
1943,5/4/25,1129,2013,402,0.0,1870.72,7.05,NV
1944,5/4/25,1052,2046,402,2.0,26.74,14.95,UT
1947,5/4/25,1035,2015,402,3.0,3374.85,6.55,WV
1948,5/4/25,1106,2098,401,1.0,1634.15,16.1,ID
1949,5/4/25,1121,2043,403,1.0,1572.21,10.25,HI
1950,5/4/25,1021,2034,403,3.0,544.68,18.35,ME
1951,5/4/25,1092,2080,402,1.0,3745.17,7.65,NH
1952,5/4/25,1192,2096,404,1.0,1814.89,13.85,RI
1955,5/4/25,1113,2018,401,0.0,1084.52,12.55,SD
1956,5/4/25,1021,2043,403,3.0,2620.35,20.5,ND
1957,5/4/25,1197,2021,404,0.0,1670.82,8.2,AK
1958,5/4/25,1100,2097,401,1.0,2273.67,14.1,VT
1961,5/4/25,1088,2001,403,1.0,1113.34,5.7,CA
1962,5/4/25,1179,2051,404,1.0,211.18,13.2,TX
1963,5/4/25,1139,2079,404,2.0,2281.3,7.95,FL
1964,5/4/25,1005,2083,404,1.0,691.34,17.6,NY
1965,5/4/25,1077,2010,401,2.0,186.82,11.5,WA
1966,5/4/25,1099,2092,402,2.0,1157.3,15.4,OH
1967,5/4/25,1054,2011,403,2.0,327.79,9.1,PA
1968,5/4/25,1193,2081,402,0.0,2238.66,21.75,IL
1969,5/4/25,1007,2069,403,1.0,836.6,6.55,GA
1970,5/4/25,1198,2038,404,0.0,1853.02,14.8,MI
1971,5/4/25,1187,2007,403,2.0,466.71,8.9,NC
1972,5/4/25,1160,2064,403,0.0,1176.16,16.2,NJ
1973,5/4/25,1012,2096,401,3.0,672.18,12.0,VA
1974,5/4/25,1076,2073,401,3.0,499.43,19.6,AZ
1975,5/4/25,1086,2030,402,2.0,407.93,7.3,MA
1976,5/4/25,1076,2036,402,3.0,217.98,15.1,TN
1977,5/4/25,1133,2094,402,0.0,1973.4,10.5,IN
1978,5/4/25,1083,2066,402,2.0,1238.54,22.0,MO
1980,5/4/25,1105,2010,401,0.0,155.68,14.4,WI
1981,5/4/25,1108,2016,404,1.0,872.15,9.75,CO
1982,5/4/25,1114,2009,403,3.0,198.93,17.9,MN
1983,5/4/25,1150,2071,404,2.0,492.13,8.25,SC
1984,5/4/25,1149,2063,404,3.0,2762.3,13.95,AL
1985,5/4/25,1176,2062,404,1.0,557.42,11.2,LA
1986,5/4/25,1036,2064,402,3.0,294.04,20.1,KY
1988,5/4/25,1177,2027,404,3.0,1034.44,16.5,OK
1990,5/4/25,1030,2077,404,0.0,1123.66,21.3,IA
1991,5/4/25,1030,2047,403,0.0,334.98,14.25,MS
1992,5/4/25,1133,2019,401,2.0,747.14,8.35,AR
1993,5/4/25,1078,2047,403,2.0,535.97,19.7,KS
1994,5/4/25,1124,2003,402,1.0,1386.65,6.9,NV
1995,5/4/25,1005,2075,404,0.0,3122.56,16.45,UT
1996,5/4/25,1078,2036,402,1.0,588.55,11.8,NM
1997,5/4/25,1189,2062,401,0.0,2477.44,21.6,NE
1998,5/4/25,1140,2044,401,0.0,207.58,8.4,WV
1999,5/4/25,1106,2061,403,3.0,599.76,15.5,ID
2000,5/4/25,1086,2048,404,1.0,321.87,9.75,HI
